id,edad_1,edad_2,hijos,tipo,group
1800000,18,0,0,P,1
1818000,18,18,0,P,3
1819000,18,19,0,P,3
1820000,18,20,0,P,3
1821000,18,21,0,P,3
1822000,18,22,0,P,3
1823000,18,23,0,P,3
1824000,18,24,0,P,3
1825000,18,25,0,P,3
1826000,18,26,0,P,3
1827000,18,27,0,P,3
1828000,18,28,0,P,3
1829000,18,29,0,P,3
1830000,18,30,0,P,3
1831000,18,31,0,P,3
1832000,18,32,0,P,3
1833000,18,33,0,P,3
1834000,18,34,0,P,3
1835000,18,35,0,P,3
1836000,18,36,0,P,3
1837000,18,37,0,P,3
1838000,18,38,0,P,3
1839000,18,39,0,P,3
1840000,18,40,0,P,3
1841000,18,41,0,P,3
1842000,18,42,0,P,3
1843000,18,43,0,P,3
1844000,18,44,0,P,3
1845000,18,45,0,P,3
1846000,18,46,0,P,3
1847000,18,47,0,P,3
1848000,18,48,0,P,3
1849000,18,49,0,P,3
1850000,18,50,0,P,3
1851000,18,51,0,P,3
1852000,18,52,0,P,3
1853000,18,53,0,P,3
1854000,18,54,0,P,3
1855000,18,55,0,P,3
1856000,18,56,0,P,3
1857000,18,57,0,P,3
1858000,18,58,0,P,3
1859000,18,59,0,P,3
1860000,18,60,0,P,3
1861000,18,61,0,P,3
1862000,18,62,0,P,3
1863000,18,63,0,P,3
1864000,18,64,0,P,3
1900000,19,0,0,P,1
1919000,19,19,0,P,3
1920000,19,20,0,P,3
1921000,19,21,0,P,3
1922000,19,22,0,P,3
1923000,19,23,0,P,3
1924000,19,24,0,P,3
1925000,19,25,0,P,3
1926000,19,26,0,P,3
1927000,19,27,0,P,3
1928000,19,28,0,P,3
1929000,19,29,0,P,3
1930000,19,30,0,P,3
1931000,19,31,0,P,3
1932000,19,32,0,P,3
1933000,19,33,0,P,3
1934000,19,34,0,P,3
1935000,19,35,0,P,3
1936000,19,36,0,P,3
1937000,19,37,0,P,3
1938000,19,38,0,P,3
1939000,19,39,0,P,3
1940000,19,40,0,P,3
1941000,19,41,0,P,3
1942000,19,42,0,P,3
1943000,19,43,0,P,3
1944000,19,44,0,P,3
1945000,19,45,0,P,3
1946000,19,46,0,P,3
1947000,19,47,0,P,3
1948000,19,48,0,P,3
1949000,19,49,0,P,3
1950000,19,50,0,P,3
1951000,19,51,0,P,3
1952000,19,52,0,P,3
1953000,19,53,0,P,3
1954000,19,54,0,P,3
1955000,19,55,0,P,3
1956000,19,56,0,P,3
1957000,19,57,0,P,3
1958000,19,58,0,P,3
1959000,19,59,0,P,3
1960000,19,60,0,P,3
1961000,19,61,0,P,3
1962000,19,62,0,P,3
1963000,19,63,0,P,3
1964000,19,64,0,P,3
2000000,20,0,0,P,1
2020000,20,20,0,P,3
2021000,20,21,0,P,3
2022000,20,22,0,P,3
2023000,20,23,0,P,3
2024000,20,24,0,P,3
2025000,20,25,0,P,3
2026000,20,26,0,P,3
2027000,20,27,0,P,3
2028000,20,28,0,P,3
2029000,20,29,0,P,3
2030000,20,30,0,P,3
2031000,20,31,0,P,3
2032000,20,32,0,P,3
2033000,20,33,0,P,3
2034000,20,34,0,P,3
2035000,20,35,0,P,3
2036000,20,36,0,P,3
2037000,20,37,0,P,3
2038000,20,38,0,P,3
2039000,20,39,0,P,3
2040000,20,40,0,P,3
2041000,20,41,0,P,3
2042000,20,42,0,P,3
2043000,20,43,0,P,3
2044000,20,44,0,P,3
2045000,20,45,0,P,3
2046000,20,46,0,P,3
2047000,20,47,0,P,3
2048000,20,48,0,P,3
2049000,20,49,0,P,3
2050000,20,50,0,P,3
2051000,20,51,0,P,3
2052000,20,52,0,P,3
2053000,20,53,0,P,3
2054000,20,54,0,P,3
2055000,20,55,0,P,3
2056000,20,56,0,P,3
2057000,20,57,0,P,3
2058000,20,58,0,P,3
2059000,20,59,0,P,3
2060000,20,60,0,P,3
2061000,20,61,0,P,3
2062000,20,62,0,P,3
2063000,20,63,0,P,3
2064000,20,64,0,P,3
2100000,21,0,0,P,1
2121000,21,21,0,P,3
2122000,21,22,0,P,3
2123000,21,23,0,P,3
2124000,21,24,0,P,3
2125000,21,25,0,P,3
2126000,21,26,0,P,3
2127000,21,27,0,P,3
2128000,21,28,0,P,3
2129000,21,29,0,P,3
2130000,21,30,0,P,3
2131000,21,31,0,P,3
2132000,21,32,0,P,3
2133000,21,33,0,P,3
2134000,21,34,0,P,3
2135000,21,35,0,P,3
2136000,21,36,0,P,3
2137000,21,37,0,P,3
2138000,21,38,0,P,3
2139000,21,39,0,P,3
2140000,21,40,0,P,3
2141000,21,41,0,P,3
2142000,21,42,0,P,3
2143000,21,43,0,P,3
2144000,21,44,0,P,3
2145000,21,45,0,P,3
2146000,21,46,0,P,3
2147000,21,47,0,P,3
2148000,21,48,0,P,3
2149000,21,49,0,P,3
2150000,21,50,0,P,3
2151000,21,51,0,P,3
2152000,21,52,0,P,3
2153000,21,53,0,P,3
2154000,21,54,0,P,3
2155000,21,55,0,P,3
2156000,21,56,0,P,3
2157000,21,57,0,P,3
2158000,21,58,0,P,3
2159000,21,59,0,P,3
2160000,21,60,0,P,3
2161000,21,61,0,P,3
2162000,21,62,0,P,3
2163000,21,63,0,P,3
2164000,21,64,0,P,3
2200000,22,0,0,P,1
2222000,22,22,0,P,3
2223000,22,23,0,P,3
2224000,22,24,0,P,3
2225000,22,25,0,P,3
2226000,22,26,0,P,3
2227000,22,27,0,P,3
2228000,22,28,0,P,3
2229000,22,29,0,P,3
2230000,22,30,0,P,3
2231000,22,31,0,P,3
2232000,22,32,0,P,3
2233000,22,33,0,P,3
2234000,22,34,0,P,3
2235000,22,35,0,P,3
2236000,22,36,0,P,3
2237000,22,37,0,P,3
2238000,22,38,0,P,3
2239000,22,39,0,P,3
2240000,22,40,0,P,3
2241000,22,41,0,P,3
2242000,22,42,0,P,3
2243000,22,43,0,P,3
2244000,22,44,0,P,3
2245000,22,45,0,P,3
2246000,22,46,0,P,3
2247000,22,47,0,P,3
2248000,22,48,0,P,3
2249000,22,49,0,P,3
2250000,22,50,0,P,3
2251000,22,51,0,P,3
2252000,22,52,0,P,3
2253000,22,53,0,P,3
2254000,22,54,0,P,3
2255000,22,55,0,P,3
2256000,22,56,0,P,3
2257000,22,57,0,P,3
2258000,22,58,0,P,3
2259000,22,59,0,P,3
2260000,22,60,0,P,3
2261000,22,61,0,P,3
2262000,22,62,0,P,3
2263000,22,63,0,P,3
2264000,22,64,0,P,3
2300000,23,0,0,P,1
2323000,23,23,0,P,3
2324000,23,24,0,P,3
2325000,23,25,0,P,3
2326000,23,26,0,P,3
2327000,23,27,0,P,3
2328000,23,28,0,P,3
2329000,23,29,0,P,3
2330000,23,30,0,P,3
2331000,23,31,0,P,3
2332000,23,32,0,P,3
2333000,23,33,0,P,3
2334000,23,34,0,P,3
2335000,23,35,0,P,3
2336000,23,36,0,P,3
2337000,23,37,0,P,3
2338000,23,38,0,P,3
2339000,23,39,0,P,3
2340000,23,40,0,P,3
2341000,23,41,0,P,3
2342000,23,42,0,P,3
2343000,23,43,0,P,3
2344000,23,44,0,P,3
2345000,23,45,0,P,3
2346000,23,46,0,P,3
2347000,23,47,0,P,3
2348000,23,48,0,P,3
2349000,23,49,0,P,3
2350000,23,50,0,P,3
2351000,23,51,0,P,3
2352000,23,52,0,P,3
2353000,23,53,0,P,3
2354000,23,54,0,P,3
2355000,23,55,0,P,3
2356000,23,56,0,P,3
2357000,23,57,0,P,3
2358000,23,58,0,P,3
2359000,23,59,0,P,3
2360000,23,60,0,P,3
2361000,23,61,0,P,3
2362000,23,62,0,P,3
2363000,23,63,0,P,3
2364000,23,64,0,P,3
2400000,24,0,0,P,1
2424000,24,24,0,P,3
2425000,24,25,0,P,3
2426000,24,26,0,P,3
2427000,24,27,0,P,3
2428000,24,28,0,P,3
2429000,24,29,0,P,3
2430000,24,30,0,P,3
2431000,24,31,0,P,3
2432000,24,32,0,P,3
2433000,24,33,0,P,3
2434000,24,34,0,P,3
2435000,24,35,0,P,3
2436000,24,36,0,P,3
2437000,24,37,0,P,3
2438000,24,38,0,P,3
2439000,24,39,0,P,3
2440000,24,40,0,P,3
2441000,24,41,0,P,3
2442000,24,42,0,P,3
2443000,24,43,0,P,3
2444000,24,44,0,P,3
2445000,24,45,0,P,3
2446000,24,46,0,P,3
2447000,24,47,0,P,3
2448000,24,48,0,P,3
2449000,24,49,0,P,3
2450000,24,50,0,P,3
2451000,24,51,0,P,3
2452000,24,52,0,P,3
2453000,24,53,0,P,3
2454000,24,54,0,P,3
2455000,24,55,0,P,3
2456000,24,56,0,P,3
2457000,24,57,0,P,3
2458000,24,58,0,P,3
2459000,24,59,0,P,3
2460000,24,60,0,P,3
2461000,24,61,0,P,3
2462000,24,62,0,P,3
2463000,24,63,0,P,3
2464000,24,64,0,P,3
2500000,25,0,0,P,1
2525000,25,25,0,P,3
2526000,25,26,0,P,3
2527000,25,27,0,P,3
2528000,25,28,0,P,3
2529000,25,29,0,P,3
2530000,25,30,0,P,3
2531000,25,31,0,P,3
2532000,25,32,0,P,3
2533000,25,33,0,P,3
2534000,25,34,0,P,3
2535000,25,35,0,P,3
2536000,25,36,0,P,3
2537000,25,37,0,P,3
2538000,25,38,0,P,3
2539000,25,39,0,P,3
2540000,25,40,0,P,3
2541000,25,41,0,P,3
2542000,25,42,0,P,3
2543000,25,43,0,P,3
2544000,25,44,0,P,3
2545000,25,45,0,P,3
2546000,25,46,0,P,3
2547000,25,47,0,P,3
2548000,25,48,0,P,3
2549000,25,49,0,P,3
2550000,25,50,0,P,3
2551000,25,51,0,P,3
2552000,25,52,0,P,3
2553000,25,53,0,P,3
2554000,25,54,0,P,3
2555000,25,55,0,P,3
2556000,25,56,0,P,3
2557000,25,57,0,P,3
2558000,25,58,0,P,3
2559000,25,59,0,P,3
2560000,25,60,0,P,3
2561000,25,61,0,P,3
2562000,25,62,0,P,3
2563000,25,63,0,P,3
2564000,25,64,0,P,3
2600000,26,0,0,P,1
2626000,26,26,0,P,3
2627000,26,27,0,P,3
2628000,26,28,0,P,3
2629000,26,29,0,P,3
2630000,26,30,0,P,3
2631000,26,31,0,P,3
2632000,26,32,0,P,3
2633000,26,33,0,P,3
2634000,26,34,0,P,3
2635000,26,35,0,P,3
2636000,26,36,0,P,3
2637000,26,37,0,P,3
2638000,26,38,0,P,3
2639000,26,39,0,P,3
2640000,26,40,0,P,3
2641000,26,41,0,P,3
2642000,26,42,0,P,3
2643000,26,43,0,P,3
2644000,26,44,0,P,3
2645000,26,45,0,P,3
2646000,26,46,0,P,3
2647000,26,47,0,P,3
2648000,26,48,0,P,3
2649000,26,49,0,P,3
2650000,26,50,0,P,3
2651000,26,51,0,P,3
2652000,26,52,0,P,3
2653000,26,53,0,P,3
2654000,26,54,0,P,3
2655000,26,55,0,P,3
2656000,26,56,0,P,3
2657000,26,57,0,P,3
2658000,26,58,0,P,3
2659000,26,59,0,P,3
2660000,26,60,0,P,3
2661000,26,61,0,P,3
2662000,26,62,0,P,3
2663000,26,63,0,P,3
2664000,26,64,0,P,3
2700000,27,0,0,P,1
2727000,27,27,0,P,3
2728000,27,28,0,P,3
2729000,27,29,0,P,3
2730000,27,30,0,P,3
2731000,27,31,0,P,3
2732000,27,32,0,P,3
2733000,27,33,0,P,3
2734000,27,34,0,P,3
2735000,27,35,0,P,3
2736000,27,36,0,P,3
2737000,27,37,0,P,3
2738000,27,38,0,P,3
2739000,27,39,0,P,3
2740000,27,40,0,P,3
2741000,27,41,0,P,3
2742000,27,42,0,P,3
2743000,27,43,0,P,3
2744000,27,44,0,P,3
2745000,27,45,0,P,3
2746000,27,46,0,P,3
2747000,27,47,0,P,3
2748000,27,48,0,P,3
2749000,27,49,0,P,3
2750000,27,50,0,P,3
2751000,27,51,0,P,3
2752000,27,52,0,P,3
2753000,27,53,0,P,3
2754000,27,54,0,P,3
2755000,27,55,0,P,3
2756000,27,56,0,P,3
2757000,27,57,0,P,3
2758000,27,58,0,P,3
2759000,27,59,0,P,3
2760000,27,60,0,P,3
2761000,27,61,0,P,3
2762000,27,62,0,P,3
2763000,27,63,0,P,3
2764000,27,64,0,P,3
2800000,28,0,0,P,1
2828000,28,28,0,P,3
2829000,28,29,0,P,3
2830000,28,30,0,P,3
2831000,28,31,0,P,3
2832000,28,32,0,P,3
2833000,28,33,0,P,3
2834000,28,34,0,P,3
2835000,28,35,0,P,3
2836000,28,36,0,P,3
2837000,28,37,0,P,3
2838000,28,38,0,P,3
2839000,28,39,0,P,3
2840000,28,40,0,P,3
2841000,28,41,0,P,3
2842000,28,42,0,P,3
2843000,28,43,0,P,3
2844000,28,44,0,P,3
2845000,28,45,0,P,3
2846000,28,46,0,P,3
2847000,28,47,0,P,3
2848000,28,48,0,P,3
2849000,28,49,0,P,3
2850000,28,50,0,P,3
2851000,28,51,0,P,3
2852000,28,52,0,P,3
2853000,28,53,0,P,3
2854000,28,54,0,P,3
2855000,28,55,0,P,3
2856000,28,56,0,P,3
2857000,28,57,0,P,3
2858000,28,58,0,P,3
2859000,28,59,0,P,3
2860000,28,60,0,P,3
2861000,28,61,0,P,3
2862000,28,62,0,P,3
2863000,28,63,0,P,3
2864000,28,64,0,P,3
2900000,29,0,0,P,1
2929000,29,29,0,P,3
2930000,29,30,0,P,3
2931000,29,31,0,P,3
2932000,29,32,0,P,3
2933000,29,33,0,P,3
2934000,29,34,0,P,3
2935000,29,35,0,P,3
2936000,29,36,0,P,3
2937000,29,37,0,P,3
2938000,29,38,0,P,3
2939000,29,39,0,P,3
2940000,29,40,0,P,3
2941000,29,41,0,P,3
2942000,29,42,0,P,3
2943000,29,43,0,P,3
2944000,29,44,0,P,3
2945000,29,45,0,P,3
2946000,29,46,0,P,3
2947000,29,47,0,P,3
2948000,29,48,0,P,3
2949000,29,49,0,P,3
2950000,29,50,0,P,3
2951000,29,51,0,P,3
2952000,29,52,0,P,3
2953000,29,53,0,P,3
2954000,29,54,0,P,3
2955000,29,55,0,P,3
2956000,29,56,0,P,3
2957000,29,57,0,P,3
2958000,29,58,0,P,3
2959000,29,59,0,P,3
2960000,29,60,0,P,3
2961000,29,61,0,P,3
2962000,29,62,0,P,3
2963000,29,63,0,P,3
2964000,29,64,0,P,3
3000000,30,0,0,P,1
3030000,30,30,0,P,3
3031000,30,31,0,P,3
3032000,30,32,0,P,3
3033000,30,33,0,P,3
3034000,30,34,0,P,3
3035000,30,35,0,P,3
3036000,30,36,0,P,3
3037000,30,37,0,P,3
3038000,30,38,0,P,3
3039000,30,39,0,P,3
3040000,30,40,0,P,3
3041000,30,41,0,P,3
3042000,30,42,0,P,3
3043000,30,43,0,P,3
3044000,30,44,0,P,3
3045000,30,45,0,P,3
3046000,30,46,0,P,3
3047000,30,47,0,P,3
3048000,30,48,0,P,3
3049000,30,49,0,P,3
3050000,30,50,0,P,3
3051000,30,51,0,P,3
3052000,30,52,0,P,3
3053000,30,53,0,P,3
3054000,30,54,0,P,3
3055000,30,55,0,P,3
3056000,30,56,0,P,3
3057000,30,57,0,P,3
3058000,30,58,0,P,3
3059000,30,59,0,P,3
3060000,30,60,0,P,3
3061000,30,61,0,P,3
3062000,30,62,0,P,3
3063000,30,63,0,P,3
3064000,30,64,0,P,3
3100000,31,0,0,P,1
3131000,31,31,0,P,3
3132000,31,32,0,P,3
3133000,31,33,0,P,3
3134000,31,34,0,P,3
3135000,31,35,0,P,3
3136000,31,36,0,P,3
3137000,31,37,0,P,3
3138000,31,38,0,P,3
3139000,31,39,0,P,3
3140000,31,40,0,P,3
3141000,31,41,0,P,3
3142000,31,42,0,P,3
3143000,31,43,0,P,3
3144000,31,44,0,P,3
3145000,31,45,0,P,3
3146000,31,46,0,P,3
3147000,31,47,0,P,3
3148000,31,48,0,P,3
3149000,31,49,0,P,3
3150000,31,50,0,P,3
3151000,31,51,0,P,3
3152000,31,52,0,P,3
3153000,31,53,0,P,3
3154000,31,54,0,P,3
3155000,31,55,0,P,3
3156000,31,56,0,P,3
3157000,31,57,0,P,3
3158000,31,58,0,P,3
3159000,31,59,0,P,3
3160000,31,60,0,P,3
3161000,31,61,0,P,3
3162000,31,62,0,P,3
3163000,31,63,0,P,3
3164000,31,64,0,P,3
3200000,32,0,0,P,1
3232000,32,32,0,P,3
3233000,32,33,0,P,3
3234000,32,34,0,P,3
3235000,32,35,0,P,3
3236000,32,36,0,P,3
3237000,32,37,0,P,3
3238000,32,38,0,P,3
3239000,32,39,0,P,3
3240000,32,40,0,P,3
3241000,32,41,0,P,3
3242000,32,42,0,P,3
3243000,32,43,0,P,3
3244000,32,44,0,P,3
3245000,32,45,0,P,3
3246000,32,46,0,P,3
3247000,32,47,0,P,3
3248000,32,48,0,P,3
3249000,32,49,0,P,3
3250000,32,50,0,P,3
3251000,32,51,0,P,3
3252000,32,52,0,P,3
3253000,32,53,0,P,3
3254000,32,54,0,P,3
3255000,32,55,0,P,3
3256000,32,56,0,P,3
3257000,32,57,0,P,3
3258000,32,58,0,P,3
3259000,32,59,0,P,3
3260000,32,60,0,P,3
3261000,32,61,0,P,3
3262000,32,62,0,P,3
3263000,32,63,0,P,3
3264000,32,64,0,P,3
3300000,33,0,0,P,1
3333000,33,33,0,P,3
3334000,33,34,0,P,3
3335000,33,35,0,P,3
3336000,33,36,0,P,3
3337000,33,37,0,P,3
3338000,33,38,0,P,3
3339000,33,39,0,P,3
3340000,33,40,0,P,3
3341000,33,41,0,P,3
3342000,33,42,0,P,3
3343000,33,43,0,P,3
3344000,33,44,0,P,3
3345000,33,45,0,P,3
3346000,33,46,0,P,3
3347000,33,47,0,P,3
3348000,33,48,0,P,3
3349000,33,49,0,P,3
3350000,33,50,0,P,3
3351000,33,51,0,P,3
3352000,33,52,0,P,3
3353000,33,53,0,P,3
3354000,33,54,0,P,3
3355000,33,55,0,P,3
3356000,33,56,0,P,3
3357000,33,57,0,P,3
3358000,33,58,0,P,3
3359000,33,59,0,P,3
3360000,33,60,0,P,3
3361000,33,61,0,P,3
3362000,33,62,0,P,3
3363000,33,63,0,P,3
3364000,33,64,0,P,3
3400000,34,0,0,P,1
3434000,34,34,0,P,3
3435000,34,35,0,P,3
3436000,34,36,0,P,3
3437000,34,37,0,P,3
3438000,34,38,0,P,3
3439000,34,39,0,P,3
3440000,34,40,0,P,3
3441000,34,41,0,P,3
3442000,34,42,0,P,3
3443000,34,43,0,P,3
3444000,34,44,0,P,3
3445000,34,45,0,P,3
3446000,34,46,0,P,3
3447000,34,47,0,P,3
3448000,34,48,0,P,3
3449000,34,49,0,P,3
3450000,34,50,0,P,3
3451000,34,51,0,P,3
3452000,34,52,0,P,3
3453000,34,53,0,P,3
3454000,34,54,0,P,3
3455000,34,55,0,P,3
3456000,34,56,0,P,3
3457000,34,57,0,P,3
3458000,34,58,0,P,3
3459000,34,59,0,P,3
3460000,34,60,0,P,3
3461000,34,61,0,P,3
3462000,34,62,0,P,3
3463000,34,63,0,P,3
3464000,34,64,0,P,3
3500000,35,0,0,P,1
3535000,35,35,0,P,3
3536000,35,36,0,P,3
3537000,35,37,0,P,3
3538000,35,38,0,P,3
3539000,35,39,0,P,3
3540000,35,40,0,P,3
3541000,35,41,0,P,3
3542000,35,42,0,P,3
3543000,35,43,0,P,3
3544000,35,44,0,P,3
3545000,35,45,0,P,3
3546000,35,46,0,P,3
3547000,35,47,0,P,3
3548000,35,48,0,P,3
3549000,35,49,0,P,3
3550000,35,50,0,P,3
3551000,35,51,0,P,3
3552000,35,52,0,P,3
3553000,35,53,0,P,3
3554000,35,54,0,P,3
3555000,35,55,0,P,3
3556000,35,56,0,P,3
3557000,35,57,0,P,3
3558000,35,58,0,P,3
3559000,35,59,0,P,3
3560000,35,60,0,P,3
3561000,35,61,0,P,3
3562000,35,62,0,P,3
3563000,35,63,0,P,3
3564000,35,64,0,P,3
3600000,36,0,0,P,1
3636000,36,36,0,P,3
3637000,36,37,0,P,3
3638000,36,38,0,P,3
3639000,36,39,0,P,3
3640000,36,40,0,P,3
3641000,36,41,0,P,3
3642000,36,42,0,P,3
3643000,36,43,0,P,3
3644000,36,44,0,P,3
3645000,36,45,0,P,3
3646000,36,46,0,P,3
3647000,36,47,0,P,3
3648000,36,48,0,P,3
3649000,36,49,0,P,3
3650000,36,50,0,P,3
3651000,36,51,0,P,3
3652000,36,52,0,P,3
3653000,36,53,0,P,3
3654000,36,54,0,P,3
3655000,36,55,0,P,3
3656000,36,56,0,P,3
3657000,36,57,0,P,3
3658000,36,58,0,P,3
3659000,36,59,0,P,3
3660000,36,60,0,P,3
3661000,36,61,0,P,3
3662000,36,62,0,P,3
3663000,36,63,0,P,3
3664000,36,64,0,P,3
3700000,37,0,0,P,1
3737000,37,37,0,P,3
3738000,37,38,0,P,3
3739000,37,39,0,P,3
3740000,37,40,0,P,3
3741000,37,41,0,P,3
3742000,37,42,0,P,3
3743000,37,43,0,P,3
3744000,37,44,0,P,3
3745000,37,45,0,P,3
3746000,37,46,0,P,3
3747000,37,47,0,P,3
3748000,37,48,0,P,3
3749000,37,49,0,P,3
3750000,37,50,0,P,3
3751000,37,51,0,P,3
3752000,37,52,0,P,3
3753000,37,53,0,P,3
3754000,37,54,0,P,3
3755000,37,55,0,P,3
3756000,37,56,0,P,3
3757000,37,57,0,P,3
3758000,37,58,0,P,3
3759000,37,59,0,P,3
3760000,37,60,0,P,3
3761000,37,61,0,P,3
3762000,37,62,0,P,3
3763000,37,63,0,P,3
3764000,37,64,0,P,3
3800000,38,0,0,P,1
3838000,38,38,0,P,3
3839000,38,39,0,P,3
3840000,38,40,0,P,3
3841000,38,41,0,P,3
3842000,38,42,0,P,3
3843000,38,43,0,P,3
3844000,38,44,0,P,3
3845000,38,45,0,P,3
3846000,38,46,0,P,3
3847000,38,47,0,P,3
3848000,38,48,0,P,3
3849000,38,49,0,P,3
3850000,38,50,0,P,3
3851000,38,51,0,P,3
3852000,38,52,0,P,3
3853000,38,53,0,P,3
3854000,38,54,0,P,3
3855000,38,55,0,P,3
3856000,38,56,0,P,3
3857000,38,57,0,P,3
3858000,38,58,0,P,3
3859000,38,59,0,P,3
3860000,38,60,0,P,3
3861000,38,61,0,P,3
3862000,38,62,0,P,3
3863000,38,63,0,P,3
3864000,38,64,0,P,3
3900000,39,0,0,P,1
3939000,39,39,0,P,3
3940000,39,40,0,P,3
3941000,39,41,0,P,3
3942000,39,42,0,P,3
3943000,39,43,0,P,3
3944000,39,44,0,P,3
3945000,39,45,0,P,3
3946000,39,46,0,P,3
3947000,39,47,0,P,3
3948000,39,48,0,P,3
3949000,39,49,0,P,3
3950000,39,50,0,P,3
3951000,39,51,0,P,3
3952000,39,52,0,P,3
3953000,39,53,0,P,3
3954000,39,54,0,P,3
3955000,39,55,0,P,3
3956000,39,56,0,P,3
3957000,39,57,0,P,3
3958000,39,58,0,P,3
3959000,39,59,0,P,3
3960000,39,60,0,P,3
3961000,39,61,0,P,3
3962000,39,62,0,P,3
3963000,39,63,0,P,3
3964000,39,64,0,P,3
4000000,40,0,0,P,1
4040000,40,40,0,P,3
4041000,40,41,0,P,3
4042000,40,42,0,P,3
4043000,40,43,0,P,3
4044000,40,44,0,P,3
4045000,40,45,0,P,3
4046000,40,46,0,P,3
4047000,40,47,0,P,3
4048000,40,48,0,P,3
4049000,40,49,0,P,3
4050000,40,50,0,P,3
4051000,40,51,0,P,3
4052000,40,52,0,P,3
4053000,40,53,0,P,3
4054000,40,54,0,P,3
4055000,40,55,0,P,3
4056000,40,56,0,P,3
4057000,40,57,0,P,3
4058000,40,58,0,P,3
4059000,40,59,0,P,3
4060000,40,60,0,P,3
4061000,40,61,0,P,3
4062000,40,62,0,P,3
4063000,40,63,0,P,3
4064000,40,64,0,P,3
4100000,41,0,0,P,1
4141000,41,41,0,P,3
4142000,41,42,0,P,3
4143000,41,43,0,P,3
4144000,41,44,0,P,3
4145000,41,45,0,P,3
4146000,41,46,0,P,3
4147000,41,47,0,P,3
4148000,41,48,0,P,3
4149000,41,49,0,P,3
4150000,41,50,0,P,3
4151000,41,51,0,P,3
4152000,41,52,0,P,3
4153000,41,53,0,P,3
4154000,41,54,0,P,3
4155000,41,55,0,P,3
4156000,41,56,0,P,3
4157000,41,57,0,P,3
4158000,41,58,0,P,3
4159000,41,59,0,P,3
4160000,41,60,0,P,3
4161000,41,61,0,P,3
4162000,41,62,0,P,3
4163000,41,63,0,P,3
4164000,41,64,0,P,3
4200000,42,0,0,P,1
4242000,42,42,0,P,3
4243000,42,43,0,P,3
4244000,42,44,0,P,3
4245000,42,45,0,P,3
4246000,42,46,0,P,3
4247000,42,47,0,P,3
4248000,42,48,0,P,3
4249000,42,49,0,P,3
4250000,42,50,0,P,3
4251000,42,51,0,P,3
4252000,42,52,0,P,3
4253000,42,53,0,P,3
4254000,42,54,0,P,3
4255000,42,55,0,P,3
4256000,42,56,0,P,3
4257000,42,57,0,P,3
4258000,42,58,0,P,3
4259000,42,59,0,P,3
4260000,42,60,0,P,3
4261000,42,61,0,P,3
4262000,42,62,0,P,3
4263000,42,63,0,P,3
4264000,42,64,0,P,3
4300000,43,0,0,P,1
4343000,43,43,0,P,3
4344000,43,44,0,P,3
4345000,43,45,0,P,3
4346000,43,46,0,P,3
4347000,43,47,0,P,3
4348000,43,48,0,P,3
4349000,43,49,0,P,3
4350000,43,50,0,P,3
4351000,43,51,0,P,3
4352000,43,52,0,P,3
4353000,43,53,0,P,3
4354000,43,54,0,P,3
4355000,43,55,0,P,3
4356000,43,56,0,P,3
4357000,43,57,0,P,3
4358000,43,58,0,P,3
4359000,43,59,0,P,3
4360000,43,60,0,P,3
4361000,43,61,0,P,3
4362000,43,62,0,P,3
4363000,43,63,0,P,3
4364000,43,64,0,P,3
4400000,44,0,0,P,1
4444000,44,44,0,P,3
4445000,44,45,0,P,3
4446000,44,46,0,P,3
4447000,44,47,0,P,3
4448000,44,48,0,P,3
4449000,44,49,0,P,3
4450000,44,50,0,P,3
4451000,44,51,0,P,3
4452000,44,52,0,P,3
4453000,44,53,0,P,3
4454000,44,54,0,P,3
4455000,44,55,0,P,3
4456000,44,56,0,P,3
4457000,44,57,0,P,3
4458000,44,58,0,P,3
4459000,44,59,0,P,3
4460000,44,60,0,P,3
4461000,44,61,0,P,3
4462000,44,62,0,P,3
4463000,44,63,0,P,3
4464000,44,64,0,P,3
4500000,45,0,0,P,1
4545000,45,45,0,P,3
4546000,45,46,0,P,3
4547000,45,47,0,P,3
4548000,45,48,0,P,3
4549000,45,49,0,P,3
4550000,45,50,0,P,3
4551000,45,51,0,P,3
4552000,45,52,0,P,3
4553000,45,53,0,P,3
4554000,45,54,0,P,3
4555000,45,55,0,P,3
4556000,45,56,0,P,3
4557000,45,57,0,P,3
4558000,45,58,0,P,3
4559000,45,59,0,P,3
4560000,45,60,0,P,3
4561000,45,61,0,P,3
4562000,45,62,0,P,3
4563000,45,63,0,P,3
4564000,45,64,0,P,3
4600000,46,0,0,P,1
4646000,46,46,0,P,3
4647000,46,47,0,P,3
4648000,46,48,0,P,3
4649000,46,49,0,P,3
4650000,46,50,0,P,3
4651000,46,51,0,P,3
4652000,46,52,0,P,3
4653000,46,53,0,P,3
4654000,46,54,0,P,3
4655000,46,55,0,P,3
4656000,46,56,0,P,3
4657000,46,57,0,P,3
4658000,46,58,0,P,3
4659000,46,59,0,P,3
4660000,46,60,0,P,3
4661000,46,61,0,P,3
4662000,46,62,0,P,3
4663000,46,63,0,P,3
4664000,46,64,0,P,3
4700000,47,0,0,P,1
4747000,47,47,0,P,3
4748000,47,48,0,P,3
4749000,47,49,0,P,3
4750000,47,50,0,P,3
4751000,47,51,0,P,3
4752000,47,52,0,P,3
4753000,47,53,0,P,3
4754000,47,54,0,P,3
4755000,47,55,0,P,3
4756000,47,56,0,P,3
4757000,47,57,0,P,3
4758000,47,58,0,P,3
4759000,47,59,0,P,3
4760000,47,60,0,P,3
4761000,47,61,0,P,3
4762000,47,62,0,P,3
4763000,47,63,0,P,3
4764000,47,64,0,P,3
4800000,48,0,0,P,1
4848000,48,48,0,P,3
4849000,48,49,0,P,3
4850000,48,50,0,P,3
4851000,48,51,0,P,3
4852000,48,52,0,P,3
4853000,48,53,0,P,3
4854000,48,54,0,P,3
4855000,48,55,0,P,3
4856000,48,56,0,P,3
4857000,48,57,0,P,3
4858000,48,58,0,P,3
4859000,48,59,0,P,3
4860000,48,60,0,P,3
4861000,48,61,0,P,3
4862000,48,62,0,P,3
4863000,48,63,0,P,3
4864000,48,64,0,P,3
4900000,49,0,0,P,1
4949000,49,49,0,P,3
4950000,49,50,0,P,3
4951000,49,51,0,P,3
4952000,49,52,0,P,3
4953000,49,53,0,P,3
4954000,49,54,0,P,3
4955000,49,55,0,P,3
4956000,49,56,0,P,3
4957000,49,57,0,P,3
4958000,49,58,0,P,3
4959000,49,59,0,P,3
4960000,49,60,0,P,3
4961000,49,61,0,P,3
4962000,49,62,0,P,3
4963000,49,63,0,P,3
4964000,49,64,0,P,3
5000000,50,0,0,P,1
5050000,50,50,0,P,3
5051000,50,51,0,P,3
5052000,50,52,0,P,3
5053000,50,53,0,P,3
5054000,50,54,0,P,3
5055000,50,55,0,P,3
5056000,50,56,0,P,3
5057000,50,57,0,P,3
5058000,50,58,0,P,3
5059000,50,59,0,P,3
5060000,50,60,0,P,3
5061000,50,61,0,P,3
5062000,50,62,0,P,3
5063000,50,63,0,P,3
5064000,50,64,0,P,3
5100000,51,0,0,P,1
5151000,51,51,0,P,3
5152000,51,52,0,P,3
5153000,51,53,0,P,3
5154000,51,54,0,P,3
5155000,51,55,0,P,3
5156000,51,56,0,P,3
5157000,51,57,0,P,3
5158000,51,58,0,P,3
5159000,51,59,0,P,3
5160000,51,60,0,P,3
5161000,51,61,0,P,3
5162000,51,62,0,P,3
5163000,51,63,0,P,3
5164000,51,64,0,P,3
5200000,52,0,0,P,1
5252000,52,52,0,P,3
5253000,52,53,0,P,3
5254000,52,54,0,P,3
5255000,52,55,0,P,3
5256000,52,56,0,P,3
5257000,52,57,0,P,3
5258000,52,58,0,P,3
5259000,52,59,0,P,3
5260000,52,60,0,P,3
5261000,52,61,0,P,3
5262000,52,62,0,P,3
5263000,52,63,0,P,3
5264000,52,64,0,P,3
5300000,53,0,0,P,1
5353000,53,53,0,P,3
5354000,53,54,0,P,3
5355000,53,55,0,P,3
5356000,53,56,0,P,3
5357000,53,57,0,P,3
5358000,53,58,0,P,3
5359000,53,59,0,P,3
5360000,53,60,0,P,3
5361000,53,61,0,P,3
5362000,53,62,0,P,3
5363000,53,63,0,P,3
5364000,53,64,0,P,3
5400000,54,0,0,P,1
5454000,54,54,0,P,3
5455000,54,55,0,P,3
5456000,54,56,0,P,3
5457000,54,57,0,P,3
5458000,54,58,0,P,3
5459000,54,59,0,P,3
5460000,54,60,0,P,3
5461000,54,61,0,P,3
5462000,54,62,0,P,3
5463000,54,63,0,P,3
5464000,54,64,0,P,3
5500000,55,0,0,P,1
5555000,55,55,0,P,3
5556000,55,56,0,P,3
5557000,55,57,0,P,3
5558000,55,58,0,P,3
5559000,55,59,0,P,3
5560000,55,60,0,P,3
5561000,55,61,0,P,3
5562000,55,62,0,P,3
5563000,55,63,0,P,3
5564000,55,64,0,P,3
5600000,56,0,0,P,1
5656000,56,56,0,P,3
5657000,56,57,0,P,3
5658000,56,58,0,P,3
5659000,56,59,0,P,3
5660000,56,60,0,P,3
5661000,56,61,0,P,3
5662000,56,62,0,P,3
5663000,56,63,0,P,3
5664000,56,64,0,P,3
5700000,57,0,0,P,1
5757000,57,57,0,P,3
5758000,57,58,0,P,3
5759000,57,59,0,P,3
5760000,57,60,0,P,3
5761000,57,61,0,P,3
5762000,57,62,0,P,3
5763000,57,63,0,P,3
5764000,57,64,0,P,3
5800000,58,0,0,P,1
5858000,58,58,0,P,3
5859000,58,59,0,P,3
5860000,58,60,0,P,3
5861000,58,61,0,P,3
5862000,58,62,0,P,3
5863000,58,63,0,P,3
5864000,58,64,0,P,3
5900000,59,0,0,P,1
5959000,59,59,0,P,3
5960000,59,60,0,P,3
5961000,59,61,0,P,3
5962000,59,62,0,P,3
5963000,59,63,0,P,3
5964000,59,64,0,P,3
6000000,60,0,0,P,1
6060000,60,60,0,P,3
6061000,60,61,0,P,3
6062000,60,62,0,P,3
6063000,60,63,0,P,3
6064000,60,64,0,P,3
6100000,61,0,0,P,1
6161000,61,61,0,P,3
6162000,61,62,0,P,3
6163000,61,63,0,P,3
6164000,61,64,0,P,3
6200000,62,0,0,P,1
6262000,62,62,0,P,3
6263000,62,63,0,P,3
6264000,62,64,0,P,3
6300000,63,0,0,P,1
6363000,63,63,0,P,3
6364000,63,64,0,P,3
6400000,64,0,0,P,1
6464000,64,64,0,P,3
1800010,18,0,1,P,2
1818010,18,18,1,P,4
1819010,18,19,1,P,4
1820010,18,20,1,P,4
1821010,18,21,1,P,4
1822010,18,22,1,P,4
1823010,18,23,1,P,4
1824010,18,24,1,P,4
1825010,18,25,1,P,4
1826010,18,26,1,P,4
1827010,18,27,1,P,4
1828010,18,28,1,P,4
1829010,18,29,1,P,4
1830010,18,30,1,P,4
1831010,18,31,1,P,4
1832010,18,32,1,P,4
1833010,18,33,1,P,4
1834010,18,34,1,P,4
1835010,18,35,1,P,4
1836010,18,36,1,P,4
1837010,18,37,1,P,4
1838010,18,38,1,P,4
1839010,18,39,1,P,4
1840010,18,40,1,P,4
1841010,18,41,1,P,4
1842010,18,42,1,P,4
1843010,18,43,1,P,4
1844010,18,44,1,P,4
1845010,18,45,1,P,4
1846010,18,46,1,P,4
1847010,18,47,1,P,4
1848010,18,48,1,P,4
1849010,18,49,1,P,4
1850010,18,50,1,P,4
1851010,18,51,1,P,4
1852010,18,52,1,P,4
1853010,18,53,1,P,4
1854010,18,54,1,P,4
1855010,18,55,1,P,4
1856010,18,56,1,P,4
1857010,18,57,1,P,4
1858010,18,58,1,P,4
1859010,18,59,1,P,4
1860010,18,60,1,P,4
1861010,18,61,1,P,4
1862010,18,62,1,P,4
1863010,18,63,1,P,4
1864010,18,64,1,P,4
1900010,19,0,1,P,2
1919010,19,19,1,P,4
1920010,19,20,1,P,4
1921010,19,21,1,P,4
1922010,19,22,1,P,4
1923010,19,23,1,P,4
1924010,19,24,1,P,4
1925010,19,25,1,P,4
1926010,19,26,1,P,4
1927010,19,27,1,P,4
1928010,19,28,1,P,4
1929010,19,29,1,P,4
1930010,19,30,1,P,4
1931010,19,31,1,P,4
1932010,19,32,1,P,4
1933010,19,33,1,P,4
1934010,19,34,1,P,4
1935010,19,35,1,P,4
1936010,19,36,1,P,4
1937010,19,37,1,P,4
1938010,19,38,1,P,4
1939010,19,39,1,P,4
1940010,19,40,1,P,4
1941010,19,41,1,P,4
1942010,19,42,1,P,4
1943010,19,43,1,P,4
1944010,19,44,1,P,4
1945010,19,45,1,P,4
1946010,19,46,1,P,4
1947010,19,47,1,P,4
1948010,19,48,1,P,4
1949010,19,49,1,P,4
1950010,19,50,1,P,4
1951010,19,51,1,P,4
1952010,19,52,1,P,4
1953010,19,53,1,P,4
1954010,19,54,1,P,4
1955010,19,55,1,P,4
1956010,19,56,1,P,4
1957010,19,57,1,P,4
1958010,19,58,1,P,4
1959010,19,59,1,P,4
1960010,19,60,1,P,4
1961010,19,61,1,P,4
1962010,19,62,1,P,4
1963010,19,63,1,P,4
1964010,19,64,1,P,4
2000010,20,0,1,P,2
2020010,20,20,1,P,4
2021010,20,21,1,P,4
2022010,20,22,1,P,4
2023010,20,23,1,P,4
2024010,20,24,1,P,4
2025010,20,25,1,P,4
2026010,20,26,1,P,4
2027010,20,27,1,P,4
2028010,20,28,1,P,4
2029010,20,29,1,P,4
2030010,20,30,1,P,4
2031010,20,31,1,P,4
2032010,20,32,1,P,4
2033010,20,33,1,P,4
2034010,20,34,1,P,4
2035010,20,35,1,P,4
2036010,20,36,1,P,4
2037010,20,37,1,P,4
2038010,20,38,1,P,4
2039010,20,39,1,P,4
2040010,20,40,1,P,4
2041010,20,41,1,P,4
2042010,20,42,1,P,4
2043010,20,43,1,P,4
2044010,20,44,1,P,4
2045010,20,45,1,P,4
2046010,20,46,1,P,4
2047010,20,47,1,P,4
2048010,20,48,1,P,4
2049010,20,49,1,P,4
2050010,20,50,1,P,4
2051010,20,51,1,P,4
2052010,20,52,1,P,4
2053010,20,53,1,P,4
2054010,20,54,1,P,4
2055010,20,55,1,P,4
2056010,20,56,1,P,4
2057010,20,57,1,P,4
2058010,20,58,1,P,4
2059010,20,59,1,P,4
2060010,20,60,1,P,4
2061010,20,61,1,P,4
2062010,20,62,1,P,4
2063010,20,63,1,P,4
2064010,20,64,1,P,4
2100010,21,0,1,P,2
2121010,21,21,1,P,4
2122010,21,22,1,P,4
2123010,21,23,1,P,4
2124010,21,24,1,P,4
2125010,21,25,1,P,4
2126010,21,26,1,P,4
2127010,21,27,1,P,4
2128010,21,28,1,P,4
2129010,21,29,1,P,4
2130010,21,30,1,P,4
2131010,21,31,1,P,4
2132010,21,32,1,P,4
2133010,21,33,1,P,4
2134010,21,34,1,P,4
2135010,21,35,1,P,4
2136010,21,36,1,P,4
2137010,21,37,1,P,4
2138010,21,38,1,P,4
2139010,21,39,1,P,4
2140010,21,40,1,P,4
2141010,21,41,1,P,4
2142010,21,42,1,P,4
2143010,21,43,1,P,4
2144010,21,44,1,P,4
2145010,21,45,1,P,4
2146010,21,46,1,P,4
2147010,21,47,1,P,4
2148010,21,48,1,P,4
2149010,21,49,1,P,4
2150010,21,50,1,P,4
2151010,21,51,1,P,4
2152010,21,52,1,P,4
2153010,21,53,1,P,4
2154010,21,54,1,P,4
2155010,21,55,1,P,4
2156010,21,56,1,P,4
2157010,21,57,1,P,4
2158010,21,58,1,P,4
2159010,21,59,1,P,4
2160010,21,60,1,P,4
2161010,21,61,1,P,4
2162010,21,62,1,P,4
2163010,21,63,1,P,4
2164010,21,64,1,P,4
2200010,22,0,1,P,2
2222010,22,22,1,P,4
2223010,22,23,1,P,4
2224010,22,24,1,P,4
2225010,22,25,1,P,4
2226010,22,26,1,P,4
2227010,22,27,1,P,4
2228010,22,28,1,P,4
2229010,22,29,1,P,4
2230010,22,30,1,P,4
2231010,22,31,1,P,4
2232010,22,32,1,P,4
2233010,22,33,1,P,4
2234010,22,34,1,P,4
2235010,22,35,1,P,4
2236010,22,36,1,P,4
2237010,22,37,1,P,4
2238010,22,38,1,P,4
2239010,22,39,1,P,4
2240010,22,40,1,P,4
2241010,22,41,1,P,4
2242010,22,42,1,P,4
2243010,22,43,1,P,4
2244010,22,44,1,P,4
2245010,22,45,1,P,4
2246010,22,46,1,P,4
2247010,22,47,1,P,4
2248010,22,48,1,P,4
2249010,22,49,1,P,4
2250010,22,50,1,P,4
2251010,22,51,1,P,4
2252010,22,52,1,P,4
2253010,22,53,1,P,4
2254010,22,54,1,P,4
2255010,22,55,1,P,4
2256010,22,56,1,P,4
2257010,22,57,1,P,4
2258010,22,58,1,P,4
2259010,22,59,1,P,4
2260010,22,60,1,P,4
2261010,22,61,1,P,4
2262010,22,62,1,P,4
2263010,22,63,1,P,4
2264010,22,64,1,P,4
2300010,23,0,1,P,2
2323010,23,23,1,P,4
2324010,23,24,1,P,4
2325010,23,25,1,P,4
2326010,23,26,1,P,4
2327010,23,27,1,P,4
2328010,23,28,1,P,4
2329010,23,29,1,P,4
2330010,23,30,1,P,4
2331010,23,31,1,P,4
2332010,23,32,1,P,4
2333010,23,33,1,P,4
2334010,23,34,1,P,4
2335010,23,35,1,P,4
2336010,23,36,1,P,4
2337010,23,37,1,P,4
2338010,23,38,1,P,4
2339010,23,39,1,P,4
2340010,23,40,1,P,4
2341010,23,41,1,P,4
2342010,23,42,1,P,4
2343010,23,43,1,P,4
2344010,23,44,1,P,4
2345010,23,45,1,P,4
2346010,23,46,1,P,4
2347010,23,47,1,P,4
2348010,23,48,1,P,4
2349010,23,49,1,P,4
2350010,23,50,1,P,4
2351010,23,51,1,P,4
2352010,23,52,1,P,4
2353010,23,53,1,P,4
2354010,23,54,1,P,4
2355010,23,55,1,P,4
2356010,23,56,1,P,4
2357010,23,57,1,P,4
2358010,23,58,1,P,4
2359010,23,59,1,P,4
2360010,23,60,1,P,4
2361010,23,61,1,P,4
2362010,23,62,1,P,4
2363010,23,63,1,P,4
2364010,23,64,1,P,4
2400010,24,0,1,P,2
2424010,24,24,1,P,4
2425010,24,25,1,P,4
2426010,24,26,1,P,4
2427010,24,27,1,P,4
2428010,24,28,1,P,4
2429010,24,29,1,P,4
2430010,24,30,1,P,4
2431010,24,31,1,P,4
2432010,24,32,1,P,4
2433010,24,33,1,P,4
2434010,24,34,1,P,4
2435010,24,35,1,P,4
2436010,24,36,1,P,4
2437010,24,37,1,P,4
2438010,24,38,1,P,4
2439010,24,39,1,P,4
2440010,24,40,1,P,4
2441010,24,41,1,P,4
2442010,24,42,1,P,4
2443010,24,43,1,P,4
2444010,24,44,1,P,4
2445010,24,45,1,P,4
2446010,24,46,1,P,4
2447010,24,47,1,P,4
2448010,24,48,1,P,4
2449010,24,49,1,P,4
2450010,24,50,1,P,4
2451010,24,51,1,P,4
2452010,24,52,1,P,4
2453010,24,53,1,P,4
2454010,24,54,1,P,4
2455010,24,55,1,P,4
2456010,24,56,1,P,4
2457010,24,57,1,P,4
2458010,24,58,1,P,4
2459010,24,59,1,P,4
2460010,24,60,1,P,4
2461010,24,61,1,P,4
2462010,24,62,1,P,4
2463010,24,63,1,P,4
2464010,24,64,1,P,4
2500010,25,0,1,P,2
2525010,25,25,1,P,4
2526010,25,26,1,P,4
2527010,25,27,1,P,4
2528010,25,28,1,P,4
2529010,25,29,1,P,4
2530010,25,30,1,P,4
2531010,25,31,1,P,4
2532010,25,32,1,P,4
2533010,25,33,1,P,4
2534010,25,34,1,P,4
2535010,25,35,1,P,4
2536010,25,36,1,P,4
2537010,25,37,1,P,4
2538010,25,38,1,P,4
2539010,25,39,1,P,4
2540010,25,40,1,P,4
2541010,25,41,1,P,4
2542010,25,42,1,P,4
2543010,25,43,1,P,4
2544010,25,44,1,P,4
2545010,25,45,1,P,4
2546010,25,46,1,P,4
2547010,25,47,1,P,4
2548010,25,48,1,P,4
2549010,25,49,1,P,4
2550010,25,50,1,P,4
2551010,25,51,1,P,4
2552010,25,52,1,P,4
2553010,25,53,1,P,4
2554010,25,54,1,P,4
2555010,25,55,1,P,4
2556010,25,56,1,P,4
2557010,25,57,1,P,4
2558010,25,58,1,P,4
2559010,25,59,1,P,4
2560010,25,60,1,P,4
2561010,25,61,1,P,4
2562010,25,62,1,P,4
2563010,25,63,1,P,4
2564010,25,64,1,P,4
2600010,26,0,1,P,2
2626010,26,26,1,P,4
2627010,26,27,1,P,4
2628010,26,28,1,P,4
2629010,26,29,1,P,4
2630010,26,30,1,P,4
2631010,26,31,1,P,4
2632010,26,32,1,P,4
2633010,26,33,1,P,4
2634010,26,34,1,P,4
2635010,26,35,1,P,4
2636010,26,36,1,P,4
2637010,26,37,1,P,4
2638010,26,38,1,P,4
2639010,26,39,1,P,4
2640010,26,40,1,P,4
2641010,26,41,1,P,4
2642010,26,42,1,P,4
2643010,26,43,1,P,4
2644010,26,44,1,P,4
2645010,26,45,1,P,4
2646010,26,46,1,P,4
2647010,26,47,1,P,4
2648010,26,48,1,P,4
2649010,26,49,1,P,4
2650010,26,50,1,P,4
2651010,26,51,1,P,4
2652010,26,52,1,P,4
2653010,26,53,1,P,4
2654010,26,54,1,P,4
2655010,26,55,1,P,4
2656010,26,56,1,P,4
2657010,26,57,1,P,4
2658010,26,58,1,P,4
2659010,26,59,1,P,4
2660010,26,60,1,P,4
2661010,26,61,1,P,4
2662010,26,62,1,P,4
2663010,26,63,1,P,4
2664010,26,64,1,P,4
2700010,27,0,1,P,2
2727010,27,27,1,P,4
2728010,27,28,1,P,4
2729010,27,29,1,P,4
2730010,27,30,1,P,4
2731010,27,31,1,P,4
2732010,27,32,1,P,4
2733010,27,33,1,P,4
2734010,27,34,1,P,4
2735010,27,35,1,P,4
2736010,27,36,1,P,4
2737010,27,37,1,P,4
2738010,27,38,1,P,4
2739010,27,39,1,P,4
2740010,27,40,1,P,4
2741010,27,41,1,P,4
2742010,27,42,1,P,4
2743010,27,43,1,P,4
2744010,27,44,1,P,4
2745010,27,45,1,P,4
2746010,27,46,1,P,4
2747010,27,47,1,P,4
2748010,27,48,1,P,4
2749010,27,49,1,P,4
2750010,27,50,1,P,4
2751010,27,51,1,P,4
2752010,27,52,1,P,4
2753010,27,53,1,P,4
2754010,27,54,1,P,4
2755010,27,55,1,P,4
2756010,27,56,1,P,4
2757010,27,57,1,P,4
2758010,27,58,1,P,4
2759010,27,59,1,P,4
2760010,27,60,1,P,4
2761010,27,61,1,P,4
2762010,27,62,1,P,4
2763010,27,63,1,P,4
2764010,27,64,1,P,4
2800010,28,0,1,P,2
2828010,28,28,1,P,4
2829010,28,29,1,P,4
2830010,28,30,1,P,4
2831010,28,31,1,P,4
2832010,28,32,1,P,4
2833010,28,33,1,P,4
2834010,28,34,1,P,4
2835010,28,35,1,P,4
2836010,28,36,1,P,4
2837010,28,37,1,P,4
2838010,28,38,1,P,4
2839010,28,39,1,P,4
2840010,28,40,1,P,4
2841010,28,41,1,P,4
2842010,28,42,1,P,4
2843010,28,43,1,P,4
2844010,28,44,1,P,4
2845010,28,45,1,P,4
2846010,28,46,1,P,4
2847010,28,47,1,P,4
2848010,28,48,1,P,4
2849010,28,49,1,P,4
2850010,28,50,1,P,4
2851010,28,51,1,P,4
2852010,28,52,1,P,4
2853010,28,53,1,P,4
2854010,28,54,1,P,4
2855010,28,55,1,P,4
2856010,28,56,1,P,4
2857010,28,57,1,P,4
2858010,28,58,1,P,4
2859010,28,59,1,P,4
2860010,28,60,1,P,4
2861010,28,61,1,P,4
2862010,28,62,1,P,4
2863010,28,63,1,P,4
2864010,28,64,1,P,4
2900010,29,0,1,P,2
2929010,29,29,1,P,4
2930010,29,30,1,P,4
2931010,29,31,1,P,4
2932010,29,32,1,P,4
2933010,29,33,1,P,4
2934010,29,34,1,P,4
2935010,29,35,1,P,4
2936010,29,36,1,P,4
2937010,29,37,1,P,4
2938010,29,38,1,P,4
2939010,29,39,1,P,4
2940010,29,40,1,P,4
2941010,29,41,1,P,4
2942010,29,42,1,P,4
2943010,29,43,1,P,4
2944010,29,44,1,P,4
2945010,29,45,1,P,4
2946010,29,46,1,P,4
2947010,29,47,1,P,4
2948010,29,48,1,P,4
2949010,29,49,1,P,4
2950010,29,50,1,P,4
2951010,29,51,1,P,4
2952010,29,52,1,P,4
2953010,29,53,1,P,4
2954010,29,54,1,P,4
2955010,29,55,1,P,4
2956010,29,56,1,P,4
2957010,29,57,1,P,4
2958010,29,58,1,P,4
2959010,29,59,1,P,4
2960010,29,60,1,P,4
2961010,29,61,1,P,4
2962010,29,62,1,P,4
2963010,29,63,1,P,4
2964010,29,64,1,P,4
3000010,30,0,1,P,2
3030010,30,30,1,P,4
3031010,30,31,1,P,4
3032010,30,32,1,P,4
3033010,30,33,1,P,4
3034010,30,34,1,P,4
3035010,30,35,1,P,4
3036010,30,36,1,P,4
3037010,30,37,1,P,4
3038010,30,38,1,P,4
3039010,30,39,1,P,4
3040010,30,40,1,P,4
3041010,30,41,1,P,4
3042010,30,42,1,P,4
3043010,30,43,1,P,4
3044010,30,44,1,P,4
3045010,30,45,1,P,4
3046010,30,46,1,P,4
3047010,30,47,1,P,4
3048010,30,48,1,P,4
3049010,30,49,1,P,4
3050010,30,50,1,P,4
3051010,30,51,1,P,4
3052010,30,52,1,P,4
3053010,30,53,1,P,4
3054010,30,54,1,P,4
3055010,30,55,1,P,4
3056010,30,56,1,P,4
3057010,30,57,1,P,4
3058010,30,58,1,P,4
3059010,30,59,1,P,4
3060010,30,60,1,P,4
3061010,30,61,1,P,4
3062010,30,62,1,P,4
3063010,30,63,1,P,4
3064010,30,64,1,P,4
3100010,31,0,1,P,2
3131010,31,31,1,P,4
3132010,31,32,1,P,4
3133010,31,33,1,P,4
3134010,31,34,1,P,4
3135010,31,35,1,P,4
3136010,31,36,1,P,4
3137010,31,37,1,P,4
3138010,31,38,1,P,4
3139010,31,39,1,P,4
3140010,31,40,1,P,4
3141010,31,41,1,P,4
3142010,31,42,1,P,4
3143010,31,43,1,P,4
3144010,31,44,1,P,4
3145010,31,45,1,P,4
3146010,31,46,1,P,4
3147010,31,47,1,P,4
3148010,31,48,1,P,4
3149010,31,49,1,P,4
3150010,31,50,1,P,4
3151010,31,51,1,P,4
3152010,31,52,1,P,4
3153010,31,53,1,P,4
3154010,31,54,1,P,4
3155010,31,55,1,P,4
3156010,31,56,1,P,4
3157010,31,57,1,P,4
3158010,31,58,1,P,4
3159010,31,59,1,P,4
3160010,31,60,1,P,4
3161010,31,61,1,P,4
3162010,31,62,1,P,4
3163010,31,63,1,P,4
3164010,31,64,1,P,4
3200010,32,0,1,P,2
3232010,32,32,1,P,4
3233010,32,33,1,P,4
3234010,32,34,1,P,4
3235010,32,35,1,P,4
3236010,32,36,1,P,4
3237010,32,37,1,P,4
3238010,32,38,1,P,4
3239010,32,39,1,P,4
3240010,32,40,1,P,4
3241010,32,41,1,P,4
3242010,32,42,1,P,4
3243010,32,43,1,P,4
3244010,32,44,1,P,4
3245010,32,45,1,P,4
3246010,32,46,1,P,4
3247010,32,47,1,P,4
3248010,32,48,1,P,4
3249010,32,49,1,P,4
3250010,32,50,1,P,4
3251010,32,51,1,P,4
3252010,32,52,1,P,4
3253010,32,53,1,P,4
3254010,32,54,1,P,4
3255010,32,55,1,P,4
3256010,32,56,1,P,4
3257010,32,57,1,P,4
3258010,32,58,1,P,4
3259010,32,59,1,P,4
3260010,32,60,1,P,4
3261010,32,61,1,P,4
3262010,32,62,1,P,4
3263010,32,63,1,P,4
3264010,32,64,1,P,4
3300010,33,0,1,P,2
3333010,33,33,1,P,4
3334010,33,34,1,P,4
3335010,33,35,1,P,4
3336010,33,36,1,P,4
3337010,33,37,1,P,4
3338010,33,38,1,P,4
3339010,33,39,1,P,4
3340010,33,40,1,P,4
3341010,33,41,1,P,4
3342010,33,42,1,P,4
3343010,33,43,1,P,4
3344010,33,44,1,P,4
3345010,33,45,1,P,4
3346010,33,46,1,P,4
3347010,33,47,1,P,4
3348010,33,48,1,P,4
3349010,33,49,1,P,4
3350010,33,50,1,P,4
3351010,33,51,1,P,4
3352010,33,52,1,P,4
3353010,33,53,1,P,4
3354010,33,54,1,P,4
3355010,33,55,1,P,4
3356010,33,56,1,P,4
3357010,33,57,1,P,4
3358010,33,58,1,P,4
3359010,33,59,1,P,4
3360010,33,60,1,P,4
3361010,33,61,1,P,4
3362010,33,62,1,P,4
3363010,33,63,1,P,4
3364010,33,64,1,P,4
3400010,34,0,1,P,2
3434010,34,34,1,P,4
3435010,34,35,1,P,4
3436010,34,36,1,P,4
3437010,34,37,1,P,4
3438010,34,38,1,P,4
3439010,34,39,1,P,4
3440010,34,40,1,P,4
3441010,34,41,1,P,4
3442010,34,42,1,P,4
3443010,34,43,1,P,4
3444010,34,44,1,P,4
3445010,34,45,1,P,4
3446010,34,46,1,P,4
3447010,34,47,1,P,4
3448010,34,48,1,P,4
3449010,34,49,1,P,4
3450010,34,50,1,P,4
3451010,34,51,1,P,4
3452010,34,52,1,P,4
3453010,34,53,1,P,4
3454010,34,54,1,P,4
3455010,34,55,1,P,4
3456010,34,56,1,P,4
3457010,34,57,1,P,4
3458010,34,58,1,P,4
3459010,34,59,1,P,4
3460010,34,60,1,P,4
3461010,34,61,1,P,4
3462010,34,62,1,P,4
3463010,34,63,1,P,4
3464010,34,64,1,P,4
3500010,35,0,1,P,2
3535010,35,35,1,P,4
3536010,35,36,1,P,4
3537010,35,37,1,P,4
3538010,35,38,1,P,4
3539010,35,39,1,P,4
3540010,35,40,1,P,4
3541010,35,41,1,P,4
3542010,35,42,1,P,4
3543010,35,43,1,P,4
3544010,35,44,1,P,4
3545010,35,45,1,P,4
3546010,35,46,1,P,4
3547010,35,47,1,P,4
3548010,35,48,1,P,4
3549010,35,49,1,P,4
3550010,35,50,1,P,4
3551010,35,51,1,P,4
3552010,35,52,1,P,4
3553010,35,53,1,P,4
3554010,35,54,1,P,4
3555010,35,55,1,P,4
3556010,35,56,1,P,4
3557010,35,57,1,P,4
3558010,35,58,1,P,4
3559010,35,59,1,P,4
3560010,35,60,1,P,4
3561010,35,61,1,P,4
3562010,35,62,1,P,4
3563010,35,63,1,P,4
3564010,35,64,1,P,4
3600010,36,0,1,P,2
3636010,36,36,1,P,4
3637010,36,37,1,P,4
3638010,36,38,1,P,4
3639010,36,39,1,P,4
3640010,36,40,1,P,4
3641010,36,41,1,P,4
3642010,36,42,1,P,4
3643010,36,43,1,P,4
3644010,36,44,1,P,4
3645010,36,45,1,P,4
3646010,36,46,1,P,4
3647010,36,47,1,P,4
3648010,36,48,1,P,4
3649010,36,49,1,P,4
3650010,36,50,1,P,4
3651010,36,51,1,P,4
3652010,36,52,1,P,4
3653010,36,53,1,P,4
3654010,36,54,1,P,4
3655010,36,55,1,P,4
3656010,36,56,1,P,4
3657010,36,57,1,P,4
3658010,36,58,1,P,4
3659010,36,59,1,P,4
3660010,36,60,1,P,4
3661010,36,61,1,P,4
3662010,36,62,1,P,4
3663010,36,63,1,P,4
3664010,36,64,1,P,4
3700010,37,0,1,P,2
3737010,37,37,1,P,4
3738010,37,38,1,P,4
3739010,37,39,1,P,4
3740010,37,40,1,P,4
3741010,37,41,1,P,4
3742010,37,42,1,P,4
3743010,37,43,1,P,4
3744010,37,44,1,P,4
3745010,37,45,1,P,4
3746010,37,46,1,P,4
3747010,37,47,1,P,4
3748010,37,48,1,P,4
3749010,37,49,1,P,4
3750010,37,50,1,P,4
3751010,37,51,1,P,4
3752010,37,52,1,P,4
3753010,37,53,1,P,4
3754010,37,54,1,P,4
3755010,37,55,1,P,4
3756010,37,56,1,P,4
3757010,37,57,1,P,4
3758010,37,58,1,P,4
3759010,37,59,1,P,4
3760010,37,60,1,P,4
3761010,37,61,1,P,4
3762010,37,62,1,P,4
3763010,37,63,1,P,4
3764010,37,64,1,P,4
3800010,38,0,1,P,2
3838010,38,38,1,P,4
3839010,38,39,1,P,4
3840010,38,40,1,P,4
3841010,38,41,1,P,4
3842010,38,42,1,P,4
3843010,38,43,1,P,4
3844010,38,44,1,P,4
3845010,38,45,1,P,4
3846010,38,46,1,P,4
3847010,38,47,1,P,4
3848010,38,48,1,P,4
3849010,38,49,1,P,4
3850010,38,50,1,P,4
3851010,38,51,1,P,4
3852010,38,52,1,P,4
3853010,38,53,1,P,4
3854010,38,54,1,P,4
3855010,38,55,1,P,4
3856010,38,56,1,P,4
3857010,38,57,1,P,4
3858010,38,58,1,P,4
3859010,38,59,1,P,4
3860010,38,60,1,P,4
3861010,38,61,1,P,4
3862010,38,62,1,P,4
3863010,38,63,1,P,4
3864010,38,64,1,P,4
3900010,39,0,1,P,2
3939010,39,39,1,P,4
3940010,39,40,1,P,4
3941010,39,41,1,P,4
3942010,39,42,1,P,4
3943010,39,43,1,P,4
3944010,39,44,1,P,4
3945010,39,45,1,P,4
3946010,39,46,1,P,4
3947010,39,47,1,P,4
3948010,39,48,1,P,4
3949010,39,49,1,P,4
3950010,39,50,1,P,4
3951010,39,51,1,P,4
3952010,39,52,1,P,4
3953010,39,53,1,P,4
3954010,39,54,1,P,4
3955010,39,55,1,P,4
3956010,39,56,1,P,4
3957010,39,57,1,P,4
3958010,39,58,1,P,4
3959010,39,59,1,P,4
3960010,39,60,1,P,4
3961010,39,61,1,P,4
3962010,39,62,1,P,4
3963010,39,63,1,P,4
3964010,39,64,1,P,4
4000010,40,0,1,P,2
4040010,40,40,1,P,4
4041010,40,41,1,P,4
4042010,40,42,1,P,4
4043010,40,43,1,P,4
4044010,40,44,1,P,4
4045010,40,45,1,P,4
4046010,40,46,1,P,4
4047010,40,47,1,P,4
4048010,40,48,1,P,4
4049010,40,49,1,P,4
4050010,40,50,1,P,4
4051010,40,51,1,P,4
4052010,40,52,1,P,4
4053010,40,53,1,P,4
4054010,40,54,1,P,4
4055010,40,55,1,P,4
4056010,40,56,1,P,4
4057010,40,57,1,P,4
4058010,40,58,1,P,4
4059010,40,59,1,P,4
4060010,40,60,1,P,4
4061010,40,61,1,P,4
4062010,40,62,1,P,4
4063010,40,63,1,P,4
4064010,40,64,1,P,4
4100010,41,0,1,P,2
4141010,41,41,1,P,4
4142010,41,42,1,P,4
4143010,41,43,1,P,4
4144010,41,44,1,P,4
4145010,41,45,1,P,4
4146010,41,46,1,P,4
4147010,41,47,1,P,4
4148010,41,48,1,P,4
4149010,41,49,1,P,4
4150010,41,50,1,P,4
4151010,41,51,1,P,4
4152010,41,52,1,P,4
4153010,41,53,1,P,4
4154010,41,54,1,P,4
4155010,41,55,1,P,4
4156010,41,56,1,P,4
4157010,41,57,1,P,4
4158010,41,58,1,P,4
4159010,41,59,1,P,4
4160010,41,60,1,P,4
4161010,41,61,1,P,4
4162010,41,62,1,P,4
4163010,41,63,1,P,4
4164010,41,64,1,P,4
4200010,42,0,1,P,2
4242010,42,42,1,P,4
4243010,42,43,1,P,4
4244010,42,44,1,P,4
4245010,42,45,1,P,4
4246010,42,46,1,P,4
4247010,42,47,1,P,4
4248010,42,48,1,P,4
4249010,42,49,1,P,4
4250010,42,50,1,P,4
4251010,42,51,1,P,4
4252010,42,52,1,P,4
4253010,42,53,1,P,4
4254010,42,54,1,P,4
4255010,42,55,1,P,4
4256010,42,56,1,P,4
4257010,42,57,1,P,4
4258010,42,58,1,P,4
4259010,42,59,1,P,4
4260010,42,60,1,P,4
4261010,42,61,1,P,4
4262010,42,62,1,P,4
4263010,42,63,1,P,4
4264010,42,64,1,P,4
4300010,43,0,1,P,2
4343010,43,43,1,P,4
4344010,43,44,1,P,4
4345010,43,45,1,P,4
4346010,43,46,1,P,4
4347010,43,47,1,P,4
4348010,43,48,1,P,4
4349010,43,49,1,P,4
4350010,43,50,1,P,4
4351010,43,51,1,P,4
4352010,43,52,1,P,4
4353010,43,53,1,P,4
4354010,43,54,1,P,4
4355010,43,55,1,P,4
4356010,43,56,1,P,4
4357010,43,57,1,P,4
4358010,43,58,1,P,4
4359010,43,59,1,P,4
4360010,43,60,1,P,4
4361010,43,61,1,P,4
4362010,43,62,1,P,4
4363010,43,63,1,P,4
4364010,43,64,1,P,4
4400010,44,0,1,P,2
4444010,44,44,1,P,4
4445010,44,45,1,P,4
4446010,44,46,1,P,4
4447010,44,47,1,P,4
4448010,44,48,1,P,4
4449010,44,49,1,P,4
4450010,44,50,1,P,4
4451010,44,51,1,P,4
4452010,44,52,1,P,4
4453010,44,53,1,P,4
4454010,44,54,1,P,4
4455010,44,55,1,P,4
4456010,44,56,1,P,4
4457010,44,57,1,P,4
4458010,44,58,1,P,4
4459010,44,59,1,P,4
4460010,44,60,1,P,4
4461010,44,61,1,P,4
4462010,44,62,1,P,4
4463010,44,63,1,P,4
4464010,44,64,1,P,4
4500010,45,0,1,P,2
4545010,45,45,1,P,4
4546010,45,46,1,P,4
4547010,45,47,1,P,4
4548010,45,48,1,P,4
4549010,45,49,1,P,4
4550010,45,50,1,P,4
4551010,45,51,1,P,4
4552010,45,52,1,P,4
4553010,45,53,1,P,4
4554010,45,54,1,P,4
4555010,45,55,1,P,4
4556010,45,56,1,P,4
4557010,45,57,1,P,4
4558010,45,58,1,P,4
4559010,45,59,1,P,4
4560010,45,60,1,P,4
4561010,45,61,1,P,4
4562010,45,62,1,P,4
4563010,45,63,1,P,4
4564010,45,64,1,P,4
4600010,46,0,1,P,2
4646010,46,46,1,P,4
4647010,46,47,1,P,4
4648010,46,48,1,P,4
4649010,46,49,1,P,4
4650010,46,50,1,P,4
4651010,46,51,1,P,4
4652010,46,52,1,P,4
4653010,46,53,1,P,4
4654010,46,54,1,P,4
4655010,46,55,1,P,4
4656010,46,56,1,P,4
4657010,46,57,1,P,4
4658010,46,58,1,P,4
4659010,46,59,1,P,4
4660010,46,60,1,P,4
4661010,46,61,1,P,4
4662010,46,62,1,P,4
4663010,46,63,1,P,4
4664010,46,64,1,P,4
4700010,47,0,1,P,2
4747010,47,47,1,P,4
4748010,47,48,1,P,4
4749010,47,49,1,P,4
4750010,47,50,1,P,4
4751010,47,51,1,P,4
4752010,47,52,1,P,4
4753010,47,53,1,P,4
4754010,47,54,1,P,4
4755010,47,55,1,P,4
4756010,47,56,1,P,4
4757010,47,57,1,P,4
4758010,47,58,1,P,4
4759010,47,59,1,P,4
4760010,47,60,1,P,4
4761010,47,61,1,P,4
4762010,47,62,1,P,4
4763010,47,63,1,P,4
4764010,47,64,1,P,4
4800010,48,0,1,P,2
4848010,48,48,1,P,4
4849010,48,49,1,P,4
4850010,48,50,1,P,4
4851010,48,51,1,P,4
4852010,48,52,1,P,4
4853010,48,53,1,P,4
4854010,48,54,1,P,4
4855010,48,55,1,P,4
4856010,48,56,1,P,4
4857010,48,57,1,P,4
4858010,48,58,1,P,4
4859010,48,59,1,P,4
4860010,48,60,1,P,4
4861010,48,61,1,P,4
4862010,48,62,1,P,4
4863010,48,63,1,P,4
4864010,48,64,1,P,4
4900010,49,0,1,P,2
4949010,49,49,1,P,4
4950010,49,50,1,P,4
4951010,49,51,1,P,4
4952010,49,52,1,P,4
4953010,49,53,1,P,4
4954010,49,54,1,P,4
4955010,49,55,1,P,4
4956010,49,56,1,P,4
4957010,49,57,1,P,4
4958010,49,58,1,P,4
4959010,49,59,1,P,4
4960010,49,60,1,P,4
4961010,49,61,1,P,4
4962010,49,62,1,P,4
4963010,49,63,1,P,4
4964010,49,64,1,P,4
5000010,50,0,1,P,2
5050010,50,50,1,P,4
5051010,50,51,1,P,4
5052010,50,52,1,P,4
5053010,50,53,1,P,4
5054010,50,54,1,P,4
5055010,50,55,1,P,4
5056010,50,56,1,P,4
5057010,50,57,1,P,4
5058010,50,58,1,P,4
5059010,50,59,1,P,4
5060010,50,60,1,P,4
5061010,50,61,1,P,4
5062010,50,62,1,P,4
5063010,50,63,1,P,4
5064010,50,64,1,P,4
5100010,51,0,1,P,2
5151010,51,51,1,P,4
5152010,51,52,1,P,4
5153010,51,53,1,P,4
5154010,51,54,1,P,4
5155010,51,55,1,P,4
5156010,51,56,1,P,4
5157010,51,57,1,P,4
5158010,51,58,1,P,4
5159010,51,59,1,P,4
5160010,51,60,1,P,4
5161010,51,61,1,P,4
5162010,51,62,1,P,4
5163010,51,63,1,P,4
5164010,51,64,1,P,4
5200010,52,0,1,P,2
5252010,52,52,1,P,4
5253010,52,53,1,P,4
5254010,52,54,1,P,4
5255010,52,55,1,P,4
5256010,52,56,1,P,4
5257010,52,57,1,P,4
5258010,52,58,1,P,4
5259010,52,59,1,P,4
5260010,52,60,1,P,4
5261010,52,61,1,P,4
5262010,52,62,1,P,4
5263010,52,63,1,P,4
5264010,52,64,1,P,4
5300010,53,0,1,P,2
5353010,53,53,1,P,4
5354010,53,54,1,P,4
5355010,53,55,1,P,4
5356010,53,56,1,P,4
5357010,53,57,1,P,4
5358010,53,58,1,P,4
5359010,53,59,1,P,4
5360010,53,60,1,P,4
5361010,53,61,1,P,4
5362010,53,62,1,P,4
5363010,53,63,1,P,4
5364010,53,64,1,P,4
5400010,54,0,1,P,2
5454010,54,54,1,P,4
5455010,54,55,1,P,4
5456010,54,56,1,P,4
5457010,54,57,1,P,4
5458010,54,58,1,P,4
5459010,54,59,1,P,4
5460010,54,60,1,P,4
5461010,54,61,1,P,4
5462010,54,62,1,P,4
5463010,54,63,1,P,4
5464010,54,64,1,P,4
5500010,55,0,1,P,2
5555010,55,55,1,P,4
5556010,55,56,1,P,4
5557010,55,57,1,P,4
5558010,55,58,1,P,4
5559010,55,59,1,P,4
5560010,55,60,1,P,4
5561010,55,61,1,P,4
5562010,55,62,1,P,4
5563010,55,63,1,P,4
5564010,55,64,1,P,4
5600010,56,0,1,P,2
5656010,56,56,1,P,4
5657010,56,57,1,P,4
5658010,56,58,1,P,4
5659010,56,59,1,P,4
5660010,56,60,1,P,4
5661010,56,61,1,P,4
5662010,56,62,1,P,4
5663010,56,63,1,P,4
5664010,56,64,1,P,4
5700010,57,0,1,P,2
5757010,57,57,1,P,4
5758010,57,58,1,P,4
5759010,57,59,1,P,4
5760010,57,60,1,P,4
5761010,57,61,1,P,4
5762010,57,62,1,P,4
5763010,57,63,1,P,4
5764010,57,64,1,P,4
5800010,58,0,1,P,2
5858010,58,58,1,P,4
5859010,58,59,1,P,4
5860010,58,60,1,P,4
5861010,58,61,1,P,4
5862010,58,62,1,P,4
5863010,58,63,1,P,4
5864010,58,64,1,P,4
5900010,59,0,1,P,2
5959010,59,59,1,P,4
5960010,59,60,1,P,4
5961010,59,61,1,P,4
5962010,59,62,1,P,4
5963010,59,63,1,P,4
5964010,59,64,1,P,4
6000010,60,0,1,P,2
6060010,60,60,1,P,4
6061010,60,61,1,P,4
6062010,60,62,1,P,4
6063010,60,63,1,P,4
6064010,60,64,1,P,4
6100010,61,0,1,P,2
6161010,61,61,1,P,4
6162010,61,62,1,P,4
6163010,61,63,1,P,4
6164010,61,64,1,P,4
6200010,62,0,1,P,2
6262010,62,62,1,P,4
6263010,62,63,1,P,4
6264010,62,64,1,P,4
6300010,63,0,1,P,2
6363010,63,63,1,P,4
6364010,63,64,1,P,4
6400010,64,0,1,P,2
6464010,64,64,1,P,4
1800020,18,0,2,P,2
1818020,18,18,2,P,4
1819020,18,19,2,P,4
1820020,18,20,2,P,4
1821020,18,21,2,P,4
1822020,18,22,2,P,4
1823020,18,23,2,P,4
1824020,18,24,2,P,4
1825020,18,25,2,P,4
1826020,18,26,2,P,4
1827020,18,27,2,P,4
1828020,18,28,2,P,4
1829020,18,29,2,P,4
1830020,18,30,2,P,4
1831020,18,31,2,P,4
1832020,18,32,2,P,4
1833020,18,33,2,P,4
1834020,18,34,2,P,4
1835020,18,35,2,P,4
1836020,18,36,2,P,4
1837020,18,37,2,P,4
1838020,18,38,2,P,4
1839020,18,39,2,P,4
1840020,18,40,2,P,4
1841020,18,41,2,P,4
1842020,18,42,2,P,4
1843020,18,43,2,P,4
1844020,18,44,2,P,4
1845020,18,45,2,P,4
1846020,18,46,2,P,4
1847020,18,47,2,P,4
1848020,18,48,2,P,4
1849020,18,49,2,P,4
1850020,18,50,2,P,4
1851020,18,51,2,P,4
1852020,18,52,2,P,4
1853020,18,53,2,P,4
1854020,18,54,2,P,4
1855020,18,55,2,P,4
1856020,18,56,2,P,4
1857020,18,57,2,P,4
1858020,18,58,2,P,4
1859020,18,59,2,P,4
1860020,18,60,2,P,4
1861020,18,61,2,P,4
1862020,18,62,2,P,4
1863020,18,63,2,P,4
1864020,18,64,2,P,4
1900020,19,0,2,P,2
1919020,19,19,2,P,4
1920020,19,20,2,P,4
1921020,19,21,2,P,4
1922020,19,22,2,P,4
1923020,19,23,2,P,4
1924020,19,24,2,P,4
1925020,19,25,2,P,4
1926020,19,26,2,P,4
1927020,19,27,2,P,4
1928020,19,28,2,P,4
1929020,19,29,2,P,4
1930020,19,30,2,P,4
1931020,19,31,2,P,4
1932020,19,32,2,P,4
1933020,19,33,2,P,4
1934020,19,34,2,P,4
1935020,19,35,2,P,4
1936020,19,36,2,P,4
1937020,19,37,2,P,4
1938020,19,38,2,P,4
1939020,19,39,2,P,4
1940020,19,40,2,P,4
1941020,19,41,2,P,4
1942020,19,42,2,P,4
1943020,19,43,2,P,4
1944020,19,44,2,P,4
1945020,19,45,2,P,4
1946020,19,46,2,P,4
1947020,19,47,2,P,4
1948020,19,48,2,P,4
1949020,19,49,2,P,4
1950020,19,50,2,P,4
1951020,19,51,2,P,4
1952020,19,52,2,P,4
1953020,19,53,2,P,4
1954020,19,54,2,P,4
1955020,19,55,2,P,4
1956020,19,56,2,P,4
1957020,19,57,2,P,4
1958020,19,58,2,P,4
1959020,19,59,2,P,4
1960020,19,60,2,P,4
1961020,19,61,2,P,4
1962020,19,62,2,P,4
1963020,19,63,2,P,4
1964020,19,64,2,P,4
2000020,20,0,2,P,2
2020020,20,20,2,P,4
2021020,20,21,2,P,4
2022020,20,22,2,P,4
2023020,20,23,2,P,4
2024020,20,24,2,P,4
2025020,20,25,2,P,4
2026020,20,26,2,P,4
2027020,20,27,2,P,4
2028020,20,28,2,P,4
2029020,20,29,2,P,4
2030020,20,30,2,P,4
2031020,20,31,2,P,4
2032020,20,32,2,P,4
2033020,20,33,2,P,4
2034020,20,34,2,P,4
2035020,20,35,2,P,4
2036020,20,36,2,P,4
2037020,20,37,2,P,4
2038020,20,38,2,P,4
2039020,20,39,2,P,4
2040020,20,40,2,P,4
2041020,20,41,2,P,4
2042020,20,42,2,P,4
2043020,20,43,2,P,4
2044020,20,44,2,P,4
2045020,20,45,2,P,4
2046020,20,46,2,P,4
2047020,20,47,2,P,4
2048020,20,48,2,P,4
2049020,20,49,2,P,4
2050020,20,50,2,P,4
2051020,20,51,2,P,4
2052020,20,52,2,P,4
2053020,20,53,2,P,4
2054020,20,54,2,P,4
2055020,20,55,2,P,4
2056020,20,56,2,P,4
2057020,20,57,2,P,4
2058020,20,58,2,P,4
2059020,20,59,2,P,4
2060020,20,60,2,P,4
2061020,20,61,2,P,4
2062020,20,62,2,P,4
2063020,20,63,2,P,4
2064020,20,64,2,P,4
2100020,21,0,2,P,2
2121020,21,21,2,P,4
2122020,21,22,2,P,4
2123020,21,23,2,P,4
2124020,21,24,2,P,4
2125020,21,25,2,P,4
2126020,21,26,2,P,4
2127020,21,27,2,P,4
2128020,21,28,2,P,4
2129020,21,29,2,P,4
2130020,21,30,2,P,4
2131020,21,31,2,P,4
2132020,21,32,2,P,4
2133020,21,33,2,P,4
2134020,21,34,2,P,4
2135020,21,35,2,P,4
2136020,21,36,2,P,4
2137020,21,37,2,P,4
2138020,21,38,2,P,4
2139020,21,39,2,P,4
2140020,21,40,2,P,4
2141020,21,41,2,P,4
2142020,21,42,2,P,4
2143020,21,43,2,P,4
2144020,21,44,2,P,4
2145020,21,45,2,P,4
2146020,21,46,2,P,4
2147020,21,47,2,P,4
2148020,21,48,2,P,4
2149020,21,49,2,P,4
2150020,21,50,2,P,4
2151020,21,51,2,P,4
2152020,21,52,2,P,4
2153020,21,53,2,P,4
2154020,21,54,2,P,4
2155020,21,55,2,P,4
2156020,21,56,2,P,4
2157020,21,57,2,P,4
2158020,21,58,2,P,4
2159020,21,59,2,P,4
2160020,21,60,2,P,4
2161020,21,61,2,P,4
2162020,21,62,2,P,4
2163020,21,63,2,P,4
2164020,21,64,2,P,4
2200020,22,0,2,P,2
2222020,22,22,2,P,4
2223020,22,23,2,P,4
2224020,22,24,2,P,4
2225020,22,25,2,P,4
2226020,22,26,2,P,4
2227020,22,27,2,P,4
2228020,22,28,2,P,4
2229020,22,29,2,P,4
2230020,22,30,2,P,4
2231020,22,31,2,P,4
2232020,22,32,2,P,4
2233020,22,33,2,P,4
2234020,22,34,2,P,4
2235020,22,35,2,P,4
2236020,22,36,2,P,4
2237020,22,37,2,P,4
2238020,22,38,2,P,4
2239020,22,39,2,P,4
2240020,22,40,2,P,4
2241020,22,41,2,P,4
2242020,22,42,2,P,4
2243020,22,43,2,P,4
2244020,22,44,2,P,4
2245020,22,45,2,P,4
2246020,22,46,2,P,4
2247020,22,47,2,P,4
2248020,22,48,2,P,4
2249020,22,49,2,P,4
2250020,22,50,2,P,4
2251020,22,51,2,P,4
2252020,22,52,2,P,4
2253020,22,53,2,P,4
2254020,22,54,2,P,4
2255020,22,55,2,P,4
2256020,22,56,2,P,4
2257020,22,57,2,P,4
2258020,22,58,2,P,4
2259020,22,59,2,P,4
2260020,22,60,2,P,4
2261020,22,61,2,P,4
2262020,22,62,2,P,4
2263020,22,63,2,P,4
2264020,22,64,2,P,4
2300020,23,0,2,P,2
2323020,23,23,2,P,4
2324020,23,24,2,P,4
2325020,23,25,2,P,4
2326020,23,26,2,P,4
2327020,23,27,2,P,4
2328020,23,28,2,P,4
2329020,23,29,2,P,4
2330020,23,30,2,P,4
2331020,23,31,2,P,4
2332020,23,32,2,P,4
2333020,23,33,2,P,4
2334020,23,34,2,P,4
2335020,23,35,2,P,4
2336020,23,36,2,P,4
2337020,23,37,2,P,4
2338020,23,38,2,P,4
2339020,23,39,2,P,4
2340020,23,40,2,P,4
2341020,23,41,2,P,4
2342020,23,42,2,P,4
2343020,23,43,2,P,4
2344020,23,44,2,P,4
2345020,23,45,2,P,4
2346020,23,46,2,P,4
2347020,23,47,2,P,4
2348020,23,48,2,P,4
2349020,23,49,2,P,4
2350020,23,50,2,P,4
2351020,23,51,2,P,4
2352020,23,52,2,P,4
2353020,23,53,2,P,4
2354020,23,54,2,P,4
2355020,23,55,2,P,4
2356020,23,56,2,P,4
2357020,23,57,2,P,4
2358020,23,58,2,P,4
2359020,23,59,2,P,4
2360020,23,60,2,P,4
2361020,23,61,2,P,4
2362020,23,62,2,P,4
2363020,23,63,2,P,4
2364020,23,64,2,P,4
2400020,24,0,2,P,2
2424020,24,24,2,P,4
2425020,24,25,2,P,4
2426020,24,26,2,P,4
2427020,24,27,2,P,4
2428020,24,28,2,P,4
2429020,24,29,2,P,4
2430020,24,30,2,P,4
2431020,24,31,2,P,4
2432020,24,32,2,P,4
2433020,24,33,2,P,4
2434020,24,34,2,P,4
2435020,24,35,2,P,4
2436020,24,36,2,P,4
2437020,24,37,2,P,4
2438020,24,38,2,P,4
2439020,24,39,2,P,4
2440020,24,40,2,P,4
2441020,24,41,2,P,4
2442020,24,42,2,P,4
2443020,24,43,2,P,4
2444020,24,44,2,P,4
2445020,24,45,2,P,4
2446020,24,46,2,P,4
2447020,24,47,2,P,4
2448020,24,48,2,P,4
2449020,24,49,2,P,4
2450020,24,50,2,P,4
2451020,24,51,2,P,4
2452020,24,52,2,P,4
2453020,24,53,2,P,4
2454020,24,54,2,P,4
2455020,24,55,2,P,4
2456020,24,56,2,P,4
2457020,24,57,2,P,4
2458020,24,58,2,P,4
2459020,24,59,2,P,4
2460020,24,60,2,P,4
2461020,24,61,2,P,4
2462020,24,62,2,P,4
2463020,24,63,2,P,4
2464020,24,64,2,P,4
2500020,25,0,2,P,2
2525020,25,25,2,P,4
2526020,25,26,2,P,4
2527020,25,27,2,P,4
2528020,25,28,2,P,4
2529020,25,29,2,P,4
2530020,25,30,2,P,4
2531020,25,31,2,P,4
2532020,25,32,2,P,4
2533020,25,33,2,P,4
2534020,25,34,2,P,4
2535020,25,35,2,P,4
2536020,25,36,2,P,4
2537020,25,37,2,P,4
2538020,25,38,2,P,4
2539020,25,39,2,P,4
2540020,25,40,2,P,4
2541020,25,41,2,P,4
2542020,25,42,2,P,4
2543020,25,43,2,P,4
2544020,25,44,2,P,4
2545020,25,45,2,P,4
2546020,25,46,2,P,4
2547020,25,47,2,P,4
2548020,25,48,2,P,4
2549020,25,49,2,P,4
2550020,25,50,2,P,4
2551020,25,51,2,P,4
2552020,25,52,2,P,4
2553020,25,53,2,P,4
2554020,25,54,2,P,4
2555020,25,55,2,P,4
2556020,25,56,2,P,4
2557020,25,57,2,P,4
2558020,25,58,2,P,4
2559020,25,59,2,P,4
2560020,25,60,2,P,4
2561020,25,61,2,P,4
2562020,25,62,2,P,4
2563020,25,63,2,P,4
2564020,25,64,2,P,4
2600020,26,0,2,P,2
2626020,26,26,2,P,4
2627020,26,27,2,P,4
2628020,26,28,2,P,4
2629020,26,29,2,P,4
2630020,26,30,2,P,4
2631020,26,31,2,P,4
2632020,26,32,2,P,4
2633020,26,33,2,P,4
2634020,26,34,2,P,4
2635020,26,35,2,P,4
2636020,26,36,2,P,4
2637020,26,37,2,P,4
2638020,26,38,2,P,4
2639020,26,39,2,P,4
2640020,26,40,2,P,4
2641020,26,41,2,P,4
2642020,26,42,2,P,4
2643020,26,43,2,P,4
2644020,26,44,2,P,4
2645020,26,45,2,P,4
2646020,26,46,2,P,4
2647020,26,47,2,P,4
2648020,26,48,2,P,4
2649020,26,49,2,P,4
2650020,26,50,2,P,4
2651020,26,51,2,P,4
2652020,26,52,2,P,4
2653020,26,53,2,P,4
2654020,26,54,2,P,4
2655020,26,55,2,P,4
2656020,26,56,2,P,4
2657020,26,57,2,P,4
2658020,26,58,2,P,4
2659020,26,59,2,P,4
2660020,26,60,2,P,4
2661020,26,61,2,P,4
2662020,26,62,2,P,4
2663020,26,63,2,P,4
2664020,26,64,2,P,4
2700020,27,0,2,P,2
2727020,27,27,2,P,4
2728020,27,28,2,P,4
2729020,27,29,2,P,4
2730020,27,30,2,P,4
2731020,27,31,2,P,4
2732020,27,32,2,P,4
2733020,27,33,2,P,4
2734020,27,34,2,P,4
2735020,27,35,2,P,4
2736020,27,36,2,P,4
2737020,27,37,2,P,4
2738020,27,38,2,P,4
2739020,27,39,2,P,4
2740020,27,40,2,P,4
2741020,27,41,2,P,4
2742020,27,42,2,P,4
2743020,27,43,2,P,4
2744020,27,44,2,P,4
2745020,27,45,2,P,4
2746020,27,46,2,P,4
2747020,27,47,2,P,4
2748020,27,48,2,P,4
2749020,27,49,2,P,4
2750020,27,50,2,P,4
2751020,27,51,2,P,4
2752020,27,52,2,P,4
2753020,27,53,2,P,4
2754020,27,54,2,P,4
2755020,27,55,2,P,4
2756020,27,56,2,P,4
2757020,27,57,2,P,4
2758020,27,58,2,P,4
2759020,27,59,2,P,4
2760020,27,60,2,P,4
2761020,27,61,2,P,4
2762020,27,62,2,P,4
2763020,27,63,2,P,4
2764020,27,64,2,P,4
2800020,28,0,2,P,2
2828020,28,28,2,P,4
2829020,28,29,2,P,4
2830020,28,30,2,P,4
2831020,28,31,2,P,4
2832020,28,32,2,P,4
2833020,28,33,2,P,4
2834020,28,34,2,P,4
2835020,28,35,2,P,4
2836020,28,36,2,P,4
2837020,28,37,2,P,4
2838020,28,38,2,P,4
2839020,28,39,2,P,4
2840020,28,40,2,P,4
2841020,28,41,2,P,4
2842020,28,42,2,P,4
2843020,28,43,2,P,4
2844020,28,44,2,P,4
2845020,28,45,2,P,4
2846020,28,46,2,P,4
2847020,28,47,2,P,4
2848020,28,48,2,P,4
2849020,28,49,2,P,4
2850020,28,50,2,P,4
2851020,28,51,2,P,4
2852020,28,52,2,P,4
2853020,28,53,2,P,4
2854020,28,54,2,P,4
2855020,28,55,2,P,4
2856020,28,56,2,P,4
2857020,28,57,2,P,4
2858020,28,58,2,P,4
2859020,28,59,2,P,4
2860020,28,60,2,P,4
2861020,28,61,2,P,4
2862020,28,62,2,P,4
2863020,28,63,2,P,4
2864020,28,64,2,P,4
2900020,29,0,2,P,2
2929020,29,29,2,P,4
2930020,29,30,2,P,4
2931020,29,31,2,P,4
2932020,29,32,2,P,4
2933020,29,33,2,P,4
2934020,29,34,2,P,4
2935020,29,35,2,P,4
2936020,29,36,2,P,4
2937020,29,37,2,P,4
2938020,29,38,2,P,4
2939020,29,39,2,P,4
2940020,29,40,2,P,4
2941020,29,41,2,P,4
2942020,29,42,2,P,4
2943020,29,43,2,P,4
2944020,29,44,2,P,4
2945020,29,45,2,P,4
2946020,29,46,2,P,4
2947020,29,47,2,P,4
2948020,29,48,2,P,4
2949020,29,49,2,P,4
2950020,29,50,2,P,4
2951020,29,51,2,P,4
2952020,29,52,2,P,4
2953020,29,53,2,P,4
2954020,29,54,2,P,4
2955020,29,55,2,P,4
2956020,29,56,2,P,4
2957020,29,57,2,P,4
2958020,29,58,2,P,4
2959020,29,59,2,P,4
2960020,29,60,2,P,4
2961020,29,61,2,P,4
2962020,29,62,2,P,4
2963020,29,63,2,P,4
2964020,29,64,2,P,4
3000020,30,0,2,P,2
3030020,30,30,2,P,4
3031020,30,31,2,P,4
3032020,30,32,2,P,4
3033020,30,33,2,P,4
3034020,30,34,2,P,4
3035020,30,35,2,P,4
3036020,30,36,2,P,4
3037020,30,37,2,P,4
3038020,30,38,2,P,4
3039020,30,39,2,P,4
3040020,30,40,2,P,4
3041020,30,41,2,P,4
3042020,30,42,2,P,4
3043020,30,43,2,P,4
3044020,30,44,2,P,4
3045020,30,45,2,P,4
3046020,30,46,2,P,4
3047020,30,47,2,P,4
3048020,30,48,2,P,4
3049020,30,49,2,P,4
3050020,30,50,2,P,4
3051020,30,51,2,P,4
3052020,30,52,2,P,4
3053020,30,53,2,P,4
3054020,30,54,2,P,4
3055020,30,55,2,P,4
3056020,30,56,2,P,4
3057020,30,57,2,P,4
3058020,30,58,2,P,4
3059020,30,59,2,P,4
3060020,30,60,2,P,4
3061020,30,61,2,P,4
3062020,30,62,2,P,4
3063020,30,63,2,P,4
3064020,30,64,2,P,4
3100020,31,0,2,P,2
3131020,31,31,2,P,4
3132020,31,32,2,P,4
3133020,31,33,2,P,4
3134020,31,34,2,P,4
3135020,31,35,2,P,4
3136020,31,36,2,P,4
3137020,31,37,2,P,4
3138020,31,38,2,P,4
3139020,31,39,2,P,4
3140020,31,40,2,P,4
3141020,31,41,2,P,4
3142020,31,42,2,P,4
3143020,31,43,2,P,4
3144020,31,44,2,P,4
3145020,31,45,2,P,4
3146020,31,46,2,P,4
3147020,31,47,2,P,4
3148020,31,48,2,P,4
3149020,31,49,2,P,4
3150020,31,50,2,P,4
3151020,31,51,2,P,4
3152020,31,52,2,P,4
3153020,31,53,2,P,4
3154020,31,54,2,P,4
3155020,31,55,2,P,4
3156020,31,56,2,P,4
3157020,31,57,2,P,4
3158020,31,58,2,P,4
3159020,31,59,2,P,4
3160020,31,60,2,P,4
3161020,31,61,2,P,4
3162020,31,62,2,P,4
3163020,31,63,2,P,4
3164020,31,64,2,P,4
3200020,32,0,2,P,2
3232020,32,32,2,P,4
3233020,32,33,2,P,4
3234020,32,34,2,P,4
3235020,32,35,2,P,4
3236020,32,36,2,P,4
3237020,32,37,2,P,4
3238020,32,38,2,P,4
3239020,32,39,2,P,4
3240020,32,40,2,P,4
3241020,32,41,2,P,4
3242020,32,42,2,P,4
3243020,32,43,2,P,4
3244020,32,44,2,P,4
3245020,32,45,2,P,4
3246020,32,46,2,P,4
3247020,32,47,2,P,4
3248020,32,48,2,P,4
3249020,32,49,2,P,4
3250020,32,50,2,P,4
3251020,32,51,2,P,4
3252020,32,52,2,P,4
3253020,32,53,2,P,4
3254020,32,54,2,P,4
3255020,32,55,2,P,4
3256020,32,56,2,P,4
3257020,32,57,2,P,4
3258020,32,58,2,P,4
3259020,32,59,2,P,4
3260020,32,60,2,P,4
3261020,32,61,2,P,4
3262020,32,62,2,P,4
3263020,32,63,2,P,4
3264020,32,64,2,P,4
3300020,33,0,2,P,2
3333020,33,33,2,P,4
3334020,33,34,2,P,4
3335020,33,35,2,P,4
3336020,33,36,2,P,4
3337020,33,37,2,P,4
3338020,33,38,2,P,4
3339020,33,39,2,P,4
3340020,33,40,2,P,4
3341020,33,41,2,P,4
3342020,33,42,2,P,4
3343020,33,43,2,P,4
3344020,33,44,2,P,4
3345020,33,45,2,P,4
3346020,33,46,2,P,4
3347020,33,47,2,P,4
3348020,33,48,2,P,4
3349020,33,49,2,P,4
3350020,33,50,2,P,4
3351020,33,51,2,P,4
3352020,33,52,2,P,4
3353020,33,53,2,P,4
3354020,33,54,2,P,4
3355020,33,55,2,P,4
3356020,33,56,2,P,4
3357020,33,57,2,P,4
3358020,33,58,2,P,4
3359020,33,59,2,P,4
3360020,33,60,2,P,4
3361020,33,61,2,P,4
3362020,33,62,2,P,4
3363020,33,63,2,P,4
3364020,33,64,2,P,4
3400020,34,0,2,P,2
3434020,34,34,2,P,4
3435020,34,35,2,P,4
3436020,34,36,2,P,4
3437020,34,37,2,P,4
3438020,34,38,2,P,4
3439020,34,39,2,P,4
3440020,34,40,2,P,4
3441020,34,41,2,P,4
3442020,34,42,2,P,4
3443020,34,43,2,P,4
3444020,34,44,2,P,4
3445020,34,45,2,P,4
3446020,34,46,2,P,4
3447020,34,47,2,P,4
3448020,34,48,2,P,4
3449020,34,49,2,P,4
3450020,34,50,2,P,4
3451020,34,51,2,P,4
3452020,34,52,2,P,4
3453020,34,53,2,P,4
3454020,34,54,2,P,4
3455020,34,55,2,P,4
3456020,34,56,2,P,4
3457020,34,57,2,P,4
3458020,34,58,2,P,4
3459020,34,59,2,P,4
3460020,34,60,2,P,4
3461020,34,61,2,P,4
3462020,34,62,2,P,4
3463020,34,63,2,P,4
3464020,34,64,2,P,4
3500020,35,0,2,P,2
3535020,35,35,2,P,4
3536020,35,36,2,P,4
3537020,35,37,2,P,4
3538020,35,38,2,P,4
3539020,35,39,2,P,4
3540020,35,40,2,P,4
3541020,35,41,2,P,4
3542020,35,42,2,P,4
3543020,35,43,2,P,4
3544020,35,44,2,P,4
3545020,35,45,2,P,4
3546020,35,46,2,P,4
3547020,35,47,2,P,4
3548020,35,48,2,P,4
3549020,35,49,2,P,4
3550020,35,50,2,P,4
3551020,35,51,2,P,4
3552020,35,52,2,P,4
3553020,35,53,2,P,4
3554020,35,54,2,P,4
3555020,35,55,2,P,4
3556020,35,56,2,P,4
3557020,35,57,2,P,4
3558020,35,58,2,P,4
3559020,35,59,2,P,4
3560020,35,60,2,P,4
3561020,35,61,2,P,4
3562020,35,62,2,P,4
3563020,35,63,2,P,4
3564020,35,64,2,P,4
3600020,36,0,2,P,2
3636020,36,36,2,P,4
3637020,36,37,2,P,4
3638020,36,38,2,P,4
3639020,36,39,2,P,4
3640020,36,40,2,P,4
3641020,36,41,2,P,4
3642020,36,42,2,P,4
3643020,36,43,2,P,4
3644020,36,44,2,P,4
3645020,36,45,2,P,4
3646020,36,46,2,P,4
3647020,36,47,2,P,4
3648020,36,48,2,P,4
3649020,36,49,2,P,4
3650020,36,50,2,P,4
3651020,36,51,2,P,4
3652020,36,52,2,P,4
3653020,36,53,2,P,4
3654020,36,54,2,P,4
3655020,36,55,2,P,4
3656020,36,56,2,P,4
3657020,36,57,2,P,4
3658020,36,58,2,P,4
3659020,36,59,2,P,4
3660020,36,60,2,P,4
3661020,36,61,2,P,4
3662020,36,62,2,P,4
3663020,36,63,2,P,4
3664020,36,64,2,P,4
3700020,37,0,2,P,2
3737020,37,37,2,P,4
3738020,37,38,2,P,4
3739020,37,39,2,P,4
3740020,37,40,2,P,4
3741020,37,41,2,P,4
3742020,37,42,2,P,4
3743020,37,43,2,P,4
3744020,37,44,2,P,4
3745020,37,45,2,P,4
3746020,37,46,2,P,4
3747020,37,47,2,P,4
3748020,37,48,2,P,4
3749020,37,49,2,P,4
3750020,37,50,2,P,4
3751020,37,51,2,P,4
3752020,37,52,2,P,4
3753020,37,53,2,P,4
3754020,37,54,2,P,4
3755020,37,55,2,P,4
3756020,37,56,2,P,4
3757020,37,57,2,P,4
3758020,37,58,2,P,4
3759020,37,59,2,P,4
3760020,37,60,2,P,4
3761020,37,61,2,P,4
3762020,37,62,2,P,4
3763020,37,63,2,P,4
3764020,37,64,2,P,4
3800020,38,0,2,P,2
3838020,38,38,2,P,4
3839020,38,39,2,P,4
3840020,38,40,2,P,4
3841020,38,41,2,P,4
3842020,38,42,2,P,4
3843020,38,43,2,P,4
3844020,38,44,2,P,4
3845020,38,45,2,P,4
3846020,38,46,2,P,4
3847020,38,47,2,P,4
3848020,38,48,2,P,4
3849020,38,49,2,P,4
3850020,38,50,2,P,4
3851020,38,51,2,P,4
3852020,38,52,2,P,4
3853020,38,53,2,P,4
3854020,38,54,2,P,4
3855020,38,55,2,P,4
3856020,38,56,2,P,4
3857020,38,57,2,P,4
3858020,38,58,2,P,4
3859020,38,59,2,P,4
3860020,38,60,2,P,4
3861020,38,61,2,P,4
3862020,38,62,2,P,4
3863020,38,63,2,P,4
3864020,38,64,2,P,4
3900020,39,0,2,P,2
3939020,39,39,2,P,4
3940020,39,40,2,P,4
3941020,39,41,2,P,4
3942020,39,42,2,P,4
3943020,39,43,2,P,4
3944020,39,44,2,P,4
3945020,39,45,2,P,4
3946020,39,46,2,P,4
3947020,39,47,2,P,4
3948020,39,48,2,P,4
3949020,39,49,2,P,4
3950020,39,50,2,P,4
3951020,39,51,2,P,4
3952020,39,52,2,P,4
3953020,39,53,2,P,4
3954020,39,54,2,P,4
3955020,39,55,2,P,4
3956020,39,56,2,P,4
3957020,39,57,2,P,4
3958020,39,58,2,P,4
3959020,39,59,2,P,4
3960020,39,60,2,P,4
3961020,39,61,2,P,4
3962020,39,62,2,P,4
3963020,39,63,2,P,4
3964020,39,64,2,P,4
4000020,40,0,2,P,2
4040020,40,40,2,P,4
4041020,40,41,2,P,4
4042020,40,42,2,P,4
4043020,40,43,2,P,4
4044020,40,44,2,P,4
4045020,40,45,2,P,4
4046020,40,46,2,P,4
4047020,40,47,2,P,4
4048020,40,48,2,P,4
4049020,40,49,2,P,4
4050020,40,50,2,P,4
4051020,40,51,2,P,4
4052020,40,52,2,P,4
4053020,40,53,2,P,4
4054020,40,54,2,P,4
4055020,40,55,2,P,4
4056020,40,56,2,P,4
4057020,40,57,2,P,4
4058020,40,58,2,P,4
4059020,40,59,2,P,4
4060020,40,60,2,P,4
4061020,40,61,2,P,4
4062020,40,62,2,P,4
4063020,40,63,2,P,4
4064020,40,64,2,P,4
4100020,41,0,2,P,2
4141020,41,41,2,P,4
4142020,41,42,2,P,4
4143020,41,43,2,P,4
4144020,41,44,2,P,4
4145020,41,45,2,P,4
4146020,41,46,2,P,4
4147020,41,47,2,P,4
4148020,41,48,2,P,4
4149020,41,49,2,P,4
4150020,41,50,2,P,4
4151020,41,51,2,P,4
4152020,41,52,2,P,4
4153020,41,53,2,P,4
4154020,41,54,2,P,4
4155020,41,55,2,P,4
4156020,41,56,2,P,4
4157020,41,57,2,P,4
4158020,41,58,2,P,4
4159020,41,59,2,P,4
4160020,41,60,2,P,4
4161020,41,61,2,P,4
4162020,41,62,2,P,4
4163020,41,63,2,P,4
4164020,41,64,2,P,4
4200020,42,0,2,P,2
4242020,42,42,2,P,4
4243020,42,43,2,P,4
4244020,42,44,2,P,4
4245020,42,45,2,P,4
4246020,42,46,2,P,4
4247020,42,47,2,P,4
4248020,42,48,2,P,4
4249020,42,49,2,P,4
4250020,42,50,2,P,4
4251020,42,51,2,P,4
4252020,42,52,2,P,4
4253020,42,53,2,P,4
4254020,42,54,2,P,4
4255020,42,55,2,P,4
4256020,42,56,2,P,4
4257020,42,57,2,P,4
4258020,42,58,2,P,4
4259020,42,59,2,P,4
4260020,42,60,2,P,4
4261020,42,61,2,P,4
4262020,42,62,2,P,4
4263020,42,63,2,P,4
4264020,42,64,2,P,4
4300020,43,0,2,P,2
4343020,43,43,2,P,4
4344020,43,44,2,P,4
4345020,43,45,2,P,4
4346020,43,46,2,P,4
4347020,43,47,2,P,4
4348020,43,48,2,P,4
4349020,43,49,2,P,4
4350020,43,50,2,P,4
4351020,43,51,2,P,4
4352020,43,52,2,P,4
4353020,43,53,2,P,4
4354020,43,54,2,P,4
4355020,43,55,2,P,4
4356020,43,56,2,P,4
4357020,43,57,2,P,4
4358020,43,58,2,P,4
4359020,43,59,2,P,4
4360020,43,60,2,P,4
4361020,43,61,2,P,4
4362020,43,62,2,P,4
4363020,43,63,2,P,4
4364020,43,64,2,P,4
4400020,44,0,2,P,2
4444020,44,44,2,P,4
4445020,44,45,2,P,4
4446020,44,46,2,P,4
4447020,44,47,2,P,4
4448020,44,48,2,P,4
4449020,44,49,2,P,4
4450020,44,50,2,P,4
4451020,44,51,2,P,4
4452020,44,52,2,P,4
4453020,44,53,2,P,4
4454020,44,54,2,P,4
4455020,44,55,2,P,4
4456020,44,56,2,P,4
4457020,44,57,2,P,4
4458020,44,58,2,P,4
4459020,44,59,2,P,4
4460020,44,60,2,P,4
4461020,44,61,2,P,4
4462020,44,62,2,P,4
4463020,44,63,2,P,4
4464020,44,64,2,P,4
4500020,45,0,2,P,2
4545020,45,45,2,P,4
4546020,45,46,2,P,4
4547020,45,47,2,P,4
4548020,45,48,2,P,4
4549020,45,49,2,P,4
4550020,45,50,2,P,4
4551020,45,51,2,P,4
4552020,45,52,2,P,4
4553020,45,53,2,P,4
4554020,45,54,2,P,4
4555020,45,55,2,P,4
4556020,45,56,2,P,4
4557020,45,57,2,P,4
4558020,45,58,2,P,4
4559020,45,59,2,P,4
4560020,45,60,2,P,4
4561020,45,61,2,P,4
4562020,45,62,2,P,4
4563020,45,63,2,P,4
4564020,45,64,2,P,4
4600020,46,0,2,P,2
4646020,46,46,2,P,4
4647020,46,47,2,P,4
4648020,46,48,2,P,4
4649020,46,49,2,P,4
4650020,46,50,2,P,4
4651020,46,51,2,P,4
4652020,46,52,2,P,4
4653020,46,53,2,P,4
4654020,46,54,2,P,4
4655020,46,55,2,P,4
4656020,46,56,2,P,4
4657020,46,57,2,P,4
4658020,46,58,2,P,4
4659020,46,59,2,P,4
4660020,46,60,2,P,4
4661020,46,61,2,P,4
4662020,46,62,2,P,4
4663020,46,63,2,P,4
4664020,46,64,2,P,4
4700020,47,0,2,P,2
4747020,47,47,2,P,4
4748020,47,48,2,P,4
4749020,47,49,2,P,4
4750020,47,50,2,P,4
4751020,47,51,2,P,4
4752020,47,52,2,P,4
4753020,47,53,2,P,4
4754020,47,54,2,P,4
4755020,47,55,2,P,4
4756020,47,56,2,P,4
4757020,47,57,2,P,4
4758020,47,58,2,P,4
4759020,47,59,2,P,4
4760020,47,60,2,P,4
4761020,47,61,2,P,4
4762020,47,62,2,P,4
4763020,47,63,2,P,4
4764020,47,64,2,P,4
4800020,48,0,2,P,2
4848020,48,48,2,P,4
4849020,48,49,2,P,4
4850020,48,50,2,P,4
4851020,48,51,2,P,4
4852020,48,52,2,P,4
4853020,48,53,2,P,4
4854020,48,54,2,P,4
4855020,48,55,2,P,4
4856020,48,56,2,P,4
4857020,48,57,2,P,4
4858020,48,58,2,P,4
4859020,48,59,2,P,4
4860020,48,60,2,P,4
4861020,48,61,2,P,4
4862020,48,62,2,P,4
4863020,48,63,2,P,4
4864020,48,64,2,P,4
4900020,49,0,2,P,2
4949020,49,49,2,P,4
4950020,49,50,2,P,4
4951020,49,51,2,P,4
4952020,49,52,2,P,4
4953020,49,53,2,P,4
4954020,49,54,2,P,4
4955020,49,55,2,P,4
4956020,49,56,2,P,4
4957020,49,57,2,P,4
4958020,49,58,2,P,4
4959020,49,59,2,P,4
4960020,49,60,2,P,4
4961020,49,61,2,P,4
4962020,49,62,2,P,4
4963020,49,63,2,P,4
4964020,49,64,2,P,4
5000020,50,0,2,P,2
5050020,50,50,2,P,4
5051020,50,51,2,P,4
5052020,50,52,2,P,4
5053020,50,53,2,P,4
5054020,50,54,2,P,4
5055020,50,55,2,P,4
5056020,50,56,2,P,4
5057020,50,57,2,P,4
5058020,50,58,2,P,4
5059020,50,59,2,P,4
5060020,50,60,2,P,4
5061020,50,61,2,P,4
5062020,50,62,2,P,4
5063020,50,63,2,P,4
5064020,50,64,2,P,4
5100020,51,0,2,P,2
5151020,51,51,2,P,4
5152020,51,52,2,P,4
5153020,51,53,2,P,4
5154020,51,54,2,P,4
5155020,51,55,2,P,4
5156020,51,56,2,P,4
5157020,51,57,2,P,4
5158020,51,58,2,P,4
5159020,51,59,2,P,4
5160020,51,60,2,P,4
5161020,51,61,2,P,4
5162020,51,62,2,P,4
5163020,51,63,2,P,4
5164020,51,64,2,P,4
5200020,52,0,2,P,2
5252020,52,52,2,P,4
5253020,52,53,2,P,4
5254020,52,54,2,P,4
5255020,52,55,2,P,4
5256020,52,56,2,P,4
5257020,52,57,2,P,4
5258020,52,58,2,P,4
5259020,52,59,2,P,4
5260020,52,60,2,P,4
5261020,52,61,2,P,4
5262020,52,62,2,P,4
5263020,52,63,2,P,4
5264020,52,64,2,P,4
5300020,53,0,2,P,2
5353020,53,53,2,P,4
5354020,53,54,2,P,4
5355020,53,55,2,P,4
5356020,53,56,2,P,4
5357020,53,57,2,P,4
5358020,53,58,2,P,4
5359020,53,59,2,P,4
5360020,53,60,2,P,4
5361020,53,61,2,P,4
5362020,53,62,2,P,4
5363020,53,63,2,P,4
5364020,53,64,2,P,4
5400020,54,0,2,P,2
5454020,54,54,2,P,4
5455020,54,55,2,P,4
5456020,54,56,2,P,4
5457020,54,57,2,P,4
5458020,54,58,2,P,4
5459020,54,59,2,P,4
5460020,54,60,2,P,4
5461020,54,61,2,P,4
5462020,54,62,2,P,4
5463020,54,63,2,P,4
5464020,54,64,2,P,4
5500020,55,0,2,P,2
5555020,55,55,2,P,4
5556020,55,56,2,P,4
5557020,55,57,2,P,4
5558020,55,58,2,P,4
5559020,55,59,2,P,4
5560020,55,60,2,P,4
5561020,55,61,2,P,4
5562020,55,62,2,P,4
5563020,55,63,2,P,4
5564020,55,64,2,P,4
5600020,56,0,2,P,2
5656020,56,56,2,P,4
5657020,56,57,2,P,4
5658020,56,58,2,P,4
5659020,56,59,2,P,4
5660020,56,60,2,P,4
5661020,56,61,2,P,4
5662020,56,62,2,P,4
5663020,56,63,2,P,4
5664020,56,64,2,P,4
5700020,57,0,2,P,2
5757020,57,57,2,P,4
5758020,57,58,2,P,4
5759020,57,59,2,P,4
5760020,57,60,2,P,4
5761020,57,61,2,P,4
5762020,57,62,2,P,4
5763020,57,63,2,P,4
5764020,57,64,2,P,4
5800020,58,0,2,P,2
5858020,58,58,2,P,4
5859020,58,59,2,P,4
5860020,58,60,2,P,4
5861020,58,61,2,P,4
5862020,58,62,2,P,4
5863020,58,63,2,P,4
5864020,58,64,2,P,4
5900020,59,0,2,P,2
5959020,59,59,2,P,4
5960020,59,60,2,P,4
5961020,59,61,2,P,4
5962020,59,62,2,P,4
5963020,59,63,2,P,4
5964020,59,64,2,P,4
6000020,60,0,2,P,2
6060020,60,60,2,P,4
6061020,60,61,2,P,4
6062020,60,62,2,P,4
6063020,60,63,2,P,4
6064020,60,64,2,P,4
6100020,61,0,2,P,2
6161020,61,61,2,P,4
6162020,61,62,2,P,4
6163020,61,63,2,P,4
6164020,61,64,2,P,4
6200020,62,0,2,P,2
6262020,62,62,2,P,4
6263020,62,63,2,P,4
6264020,62,64,2,P,4
6300020,63,0,2,P,2
6363020,63,63,2,P,4
6364020,63,64,2,P,4
6400020,64,0,2,P,2
6464020,64,64,2,P,4
1800030,18,0,3,P,2
1818030,18,18,3,P,4
1819030,18,19,3,P,4
1820030,18,20,3,P,4
1821030,18,21,3,P,4
1822030,18,22,3,P,4
1823030,18,23,3,P,4
1824030,18,24,3,P,4
1825030,18,25,3,P,4
1826030,18,26,3,P,4
1827030,18,27,3,P,4
1828030,18,28,3,P,4
1829030,18,29,3,P,4
1830030,18,30,3,P,4
1831030,18,31,3,P,4
1832030,18,32,3,P,4
1833030,18,33,3,P,4
1834030,18,34,3,P,4
1835030,18,35,3,P,4
1836030,18,36,3,P,4
1837030,18,37,3,P,4
1838030,18,38,3,P,4
1839030,18,39,3,P,4
1840030,18,40,3,P,4
1841030,18,41,3,P,4
1842030,18,42,3,P,4
1843030,18,43,3,P,4
1844030,18,44,3,P,4
1845030,18,45,3,P,4
1846030,18,46,3,P,4
1847030,18,47,3,P,4
1848030,18,48,3,P,4
1849030,18,49,3,P,4
1850030,18,50,3,P,4
1851030,18,51,3,P,4
1852030,18,52,3,P,4
1853030,18,53,3,P,4
1854030,18,54,3,P,4
1855030,18,55,3,P,4
1856030,18,56,3,P,4
1857030,18,57,3,P,4
1858030,18,58,3,P,4
1859030,18,59,3,P,4
1860030,18,60,3,P,4
1861030,18,61,3,P,4
1862030,18,62,3,P,4
1863030,18,63,3,P,4
1864030,18,64,3,P,4
1900030,19,0,3,P,2
1919030,19,19,3,P,4
1920030,19,20,3,P,4
1921030,19,21,3,P,4
1922030,19,22,3,P,4
1923030,19,23,3,P,4
1924030,19,24,3,P,4
1925030,19,25,3,P,4
1926030,19,26,3,P,4
1927030,19,27,3,P,4
1928030,19,28,3,P,4
1929030,19,29,3,P,4
1930030,19,30,3,P,4
1931030,19,31,3,P,4
1932030,19,32,3,P,4
1933030,19,33,3,P,4
1934030,19,34,3,P,4
1935030,19,35,3,P,4
1936030,19,36,3,P,4
1937030,19,37,3,P,4
1938030,19,38,3,P,4
1939030,19,39,3,P,4
1940030,19,40,3,P,4
1941030,19,41,3,P,4
1942030,19,42,3,P,4
1943030,19,43,3,P,4
1944030,19,44,3,P,4
1945030,19,45,3,P,4
1946030,19,46,3,P,4
1947030,19,47,3,P,4
1948030,19,48,3,P,4
1949030,19,49,3,P,4
1950030,19,50,3,P,4
1951030,19,51,3,P,4
1952030,19,52,3,P,4
1953030,19,53,3,P,4
1954030,19,54,3,P,4
1955030,19,55,3,P,4
1956030,19,56,3,P,4
1957030,19,57,3,P,4
1958030,19,58,3,P,4
1959030,19,59,3,P,4
1960030,19,60,3,P,4
1961030,19,61,3,P,4
1962030,19,62,3,P,4
1963030,19,63,3,P,4
1964030,19,64,3,P,4
2000030,20,0,3,P,2
2020030,20,20,3,P,4
2021030,20,21,3,P,4
2022030,20,22,3,P,4
2023030,20,23,3,P,4
2024030,20,24,3,P,4
2025030,20,25,3,P,4
2026030,20,26,3,P,4
2027030,20,27,3,P,4
2028030,20,28,3,P,4
2029030,20,29,3,P,4
2030030,20,30,3,P,4
2031030,20,31,3,P,4
2032030,20,32,3,P,4
2033030,20,33,3,P,4
2034030,20,34,3,P,4
2035030,20,35,3,P,4
2036030,20,36,3,P,4
2037030,20,37,3,P,4
2038030,20,38,3,P,4
2039030,20,39,3,P,4
2040030,20,40,3,P,4
2041030,20,41,3,P,4
2042030,20,42,3,P,4
2043030,20,43,3,P,4
2044030,20,44,3,P,4
2045030,20,45,3,P,4
2046030,20,46,3,P,4
2047030,20,47,3,P,4
2048030,20,48,3,P,4
2049030,20,49,3,P,4
2050030,20,50,3,P,4
2051030,20,51,3,P,4
2052030,20,52,3,P,4
2053030,20,53,3,P,4
2054030,20,54,3,P,4
2055030,20,55,3,P,4
2056030,20,56,3,P,4
2057030,20,57,3,P,4
2058030,20,58,3,P,4
2059030,20,59,3,P,4
2060030,20,60,3,P,4
2061030,20,61,3,P,4
2062030,20,62,3,P,4
2063030,20,63,3,P,4
2064030,20,64,3,P,4
2100030,21,0,3,P,2
2121030,21,21,3,P,4
2122030,21,22,3,P,4
2123030,21,23,3,P,4
2124030,21,24,3,P,4
2125030,21,25,3,P,4
2126030,21,26,3,P,4
2127030,21,27,3,P,4
2128030,21,28,3,P,4
2129030,21,29,3,P,4
2130030,21,30,3,P,4
2131030,21,31,3,P,4
2132030,21,32,3,P,4
2133030,21,33,3,P,4
2134030,21,34,3,P,4
2135030,21,35,3,P,4
2136030,21,36,3,P,4
2137030,21,37,3,P,4
2138030,21,38,3,P,4
2139030,21,39,3,P,4
2140030,21,40,3,P,4
2141030,21,41,3,P,4
2142030,21,42,3,P,4
2143030,21,43,3,P,4
2144030,21,44,3,P,4
2145030,21,45,3,P,4
2146030,21,46,3,P,4
2147030,21,47,3,P,4
2148030,21,48,3,P,4
2149030,21,49,3,P,4
2150030,21,50,3,P,4
2151030,21,51,3,P,4
2152030,21,52,3,P,4
2153030,21,53,3,P,4
2154030,21,54,3,P,4
2155030,21,55,3,P,4
2156030,21,56,3,P,4
2157030,21,57,3,P,4
2158030,21,58,3,P,4
2159030,21,59,3,P,4
2160030,21,60,3,P,4
2161030,21,61,3,P,4
2162030,21,62,3,P,4
2163030,21,63,3,P,4
2164030,21,64,3,P,4
2200030,22,0,3,P,2
2222030,22,22,3,P,4
2223030,22,23,3,P,4
2224030,22,24,3,P,4
2225030,22,25,3,P,4
2226030,22,26,3,P,4
2227030,22,27,3,P,4
2228030,22,28,3,P,4
2229030,22,29,3,P,4
2230030,22,30,3,P,4
2231030,22,31,3,P,4
2232030,22,32,3,P,4
2233030,22,33,3,P,4
2234030,22,34,3,P,4
2235030,22,35,3,P,4
2236030,22,36,3,P,4
2237030,22,37,3,P,4
2238030,22,38,3,P,4
2239030,22,39,3,P,4
2240030,22,40,3,P,4
2241030,22,41,3,P,4
2242030,22,42,3,P,4
2243030,22,43,3,P,4
2244030,22,44,3,P,4
2245030,22,45,3,P,4
2246030,22,46,3,P,4
2247030,22,47,3,P,4
2248030,22,48,3,P,4
2249030,22,49,3,P,4
2250030,22,50,3,P,4
2251030,22,51,3,P,4
2252030,22,52,3,P,4
2253030,22,53,3,P,4
2254030,22,54,3,P,4
2255030,22,55,3,P,4
2256030,22,56,3,P,4
2257030,22,57,3,P,4
2258030,22,58,3,P,4
2259030,22,59,3,P,4
2260030,22,60,3,P,4
2261030,22,61,3,P,4
2262030,22,62,3,P,4
2263030,22,63,3,P,4
2264030,22,64,3,P,4
2300030,23,0,3,P,2
2323030,23,23,3,P,4
2324030,23,24,3,P,4
2325030,23,25,3,P,4
2326030,23,26,3,P,4
2327030,23,27,3,P,4
2328030,23,28,3,P,4
2329030,23,29,3,P,4
2330030,23,30,3,P,4
2331030,23,31,3,P,4
2332030,23,32,3,P,4
2333030,23,33,3,P,4
2334030,23,34,3,P,4
2335030,23,35,3,P,4
2336030,23,36,3,P,4
2337030,23,37,3,P,4
2338030,23,38,3,P,4
2339030,23,39,3,P,4
2340030,23,40,3,P,4
2341030,23,41,3,P,4
2342030,23,42,3,P,4
2343030,23,43,3,P,4
2344030,23,44,3,P,4
2345030,23,45,3,P,4
2346030,23,46,3,P,4
2347030,23,47,3,P,4
2348030,23,48,3,P,4
2349030,23,49,3,P,4
2350030,23,50,3,P,4
2351030,23,51,3,P,4
2352030,23,52,3,P,4
2353030,23,53,3,P,4
2354030,23,54,3,P,4
2355030,23,55,3,P,4
2356030,23,56,3,P,4
2357030,23,57,3,P,4
2358030,23,58,3,P,4
2359030,23,59,3,P,4
2360030,23,60,3,P,4
2361030,23,61,3,P,4
2362030,23,62,3,P,4
2363030,23,63,3,P,4
2364030,23,64,3,P,4
2400030,24,0,3,P,2
2424030,24,24,3,P,4
2425030,24,25,3,P,4
2426030,24,26,3,P,4
2427030,24,27,3,P,4
2428030,24,28,3,P,4
2429030,24,29,3,P,4
2430030,24,30,3,P,4
2431030,24,31,3,P,4
2432030,24,32,3,P,4
2433030,24,33,3,P,4
2434030,24,34,3,P,4
2435030,24,35,3,P,4
2436030,24,36,3,P,4
2437030,24,37,3,P,4
2438030,24,38,3,P,4
2439030,24,39,3,P,4
2440030,24,40,3,P,4
2441030,24,41,3,P,4
2442030,24,42,3,P,4
2443030,24,43,3,P,4
2444030,24,44,3,P,4
2445030,24,45,3,P,4
2446030,24,46,3,P,4
2447030,24,47,3,P,4
2448030,24,48,3,P,4
2449030,24,49,3,P,4
2450030,24,50,3,P,4
2451030,24,51,3,P,4
2452030,24,52,3,P,4
2453030,24,53,3,P,4
2454030,24,54,3,P,4
2455030,24,55,3,P,4
2456030,24,56,3,P,4
2457030,24,57,3,P,4
2458030,24,58,3,P,4
2459030,24,59,3,P,4
2460030,24,60,3,P,4
2461030,24,61,3,P,4
2462030,24,62,3,P,4
2463030,24,63,3,P,4
2464030,24,64,3,P,4
2500030,25,0,3,P,2
2525030,25,25,3,P,4
2526030,25,26,3,P,4
2527030,25,27,3,P,4
2528030,25,28,3,P,4
2529030,25,29,3,P,4
2530030,25,30,3,P,4
2531030,25,31,3,P,4
2532030,25,32,3,P,4
2533030,25,33,3,P,4
2534030,25,34,3,P,4
2535030,25,35,3,P,4
2536030,25,36,3,P,4
2537030,25,37,3,P,4
2538030,25,38,3,P,4
2539030,25,39,3,P,4
2540030,25,40,3,P,4
2541030,25,41,3,P,4
2542030,25,42,3,P,4
2543030,25,43,3,P,4
2544030,25,44,3,P,4
2545030,25,45,3,P,4
2546030,25,46,3,P,4
2547030,25,47,3,P,4
2548030,25,48,3,P,4
2549030,25,49,3,P,4
2550030,25,50,3,P,4
2551030,25,51,3,P,4
2552030,25,52,3,P,4
2553030,25,53,3,P,4
2554030,25,54,3,P,4
2555030,25,55,3,P,4
2556030,25,56,3,P,4
2557030,25,57,3,P,4
2558030,25,58,3,P,4
2559030,25,59,3,P,4
2560030,25,60,3,P,4
2561030,25,61,3,P,4
2562030,25,62,3,P,4
2563030,25,63,3,P,4
2564030,25,64,3,P,4
2600030,26,0,3,P,2
2626030,26,26,3,P,4
2627030,26,27,3,P,4
2628030,26,28,3,P,4
2629030,26,29,3,P,4
2630030,26,30,3,P,4
2631030,26,31,3,P,4
2632030,26,32,3,P,4
2633030,26,33,3,P,4
2634030,26,34,3,P,4
2635030,26,35,3,P,4
2636030,26,36,3,P,4
2637030,26,37,3,P,4
2638030,26,38,3,P,4
2639030,26,39,3,P,4
2640030,26,40,3,P,4
2641030,26,41,3,P,4
2642030,26,42,3,P,4
2643030,26,43,3,P,4
2644030,26,44,3,P,4
2645030,26,45,3,P,4
2646030,26,46,3,P,4
2647030,26,47,3,P,4
2648030,26,48,3,P,4
2649030,26,49,3,P,4
2650030,26,50,3,P,4
2651030,26,51,3,P,4
2652030,26,52,3,P,4
2653030,26,53,3,P,4
2654030,26,54,3,P,4
2655030,26,55,3,P,4
2656030,26,56,3,P,4
2657030,26,57,3,P,4
2658030,26,58,3,P,4
2659030,26,59,3,P,4
2660030,26,60,3,P,4
2661030,26,61,3,P,4
2662030,26,62,3,P,4
2663030,26,63,3,P,4
2664030,26,64,3,P,4
2700030,27,0,3,P,2
2727030,27,27,3,P,4
2728030,27,28,3,P,4
2729030,27,29,3,P,4
2730030,27,30,3,P,4
2731030,27,31,3,P,4
2732030,27,32,3,P,4
2733030,27,33,3,P,4
2734030,27,34,3,P,4
2735030,27,35,3,P,4
2736030,27,36,3,P,4
2737030,27,37,3,P,4
2738030,27,38,3,P,4
2739030,27,39,3,P,4
2740030,27,40,3,P,4
2741030,27,41,3,P,4
2742030,27,42,3,P,4
2743030,27,43,3,P,4
2744030,27,44,3,P,4
2745030,27,45,3,P,4
2746030,27,46,3,P,4
2747030,27,47,3,P,4
2748030,27,48,3,P,4
2749030,27,49,3,P,4
2750030,27,50,3,P,4
2751030,27,51,3,P,4
2752030,27,52,3,P,4
2753030,27,53,3,P,4
2754030,27,54,3,P,4
2755030,27,55,3,P,4
2756030,27,56,3,P,4
2757030,27,57,3,P,4
2758030,27,58,3,P,4
2759030,27,59,3,P,4
2760030,27,60,3,P,4
2761030,27,61,3,P,4
2762030,27,62,3,P,4
2763030,27,63,3,P,4
2764030,27,64,3,P,4
2800030,28,0,3,P,2
2828030,28,28,3,P,4
2829030,28,29,3,P,4
2830030,28,30,3,P,4
2831030,28,31,3,P,4
2832030,28,32,3,P,4
2833030,28,33,3,P,4
2834030,28,34,3,P,4
2835030,28,35,3,P,4
2836030,28,36,3,P,4
2837030,28,37,3,P,4
2838030,28,38,3,P,4
2839030,28,39,3,P,4
2840030,28,40,3,P,4
2841030,28,41,3,P,4
2842030,28,42,3,P,4
2843030,28,43,3,P,4
2844030,28,44,3,P,4
2845030,28,45,3,P,4
2846030,28,46,3,P,4
2847030,28,47,3,P,4
2848030,28,48,3,P,4
2849030,28,49,3,P,4
2850030,28,50,3,P,4
2851030,28,51,3,P,4
2852030,28,52,3,P,4
2853030,28,53,3,P,4
2854030,28,54,3,P,4
2855030,28,55,3,P,4
2856030,28,56,3,P,4
2857030,28,57,3,P,4
2858030,28,58,3,P,4
2859030,28,59,3,P,4
2860030,28,60,3,P,4
2861030,28,61,3,P,4
2862030,28,62,3,P,4
2863030,28,63,3,P,4
2864030,28,64,3,P,4
2900030,29,0,3,P,2
2929030,29,29,3,P,4
2930030,29,30,3,P,4
2931030,29,31,3,P,4
2932030,29,32,3,P,4
2933030,29,33,3,P,4
2934030,29,34,3,P,4
2935030,29,35,3,P,4
2936030,29,36,3,P,4
2937030,29,37,3,P,4
2938030,29,38,3,P,4
2939030,29,39,3,P,4
2940030,29,40,3,P,4
2941030,29,41,3,P,4
2942030,29,42,3,P,4
2943030,29,43,3,P,4
2944030,29,44,3,P,4
2945030,29,45,3,P,4
2946030,29,46,3,P,4
2947030,29,47,3,P,4
2948030,29,48,3,P,4
2949030,29,49,3,P,4
2950030,29,50,3,P,4
2951030,29,51,3,P,4
2952030,29,52,3,P,4
2953030,29,53,3,P,4
2954030,29,54,3,P,4
2955030,29,55,3,P,4
2956030,29,56,3,P,4
2957030,29,57,3,P,4
2958030,29,58,3,P,4
2959030,29,59,3,P,4
2960030,29,60,3,P,4
2961030,29,61,3,P,4
2962030,29,62,3,P,4
2963030,29,63,3,P,4
2964030,29,64,3,P,4
3000030,30,0,3,P,2
3030030,30,30,3,P,4
3031030,30,31,3,P,4
3032030,30,32,3,P,4
3033030,30,33,3,P,4
3034030,30,34,3,P,4
3035030,30,35,3,P,4
3036030,30,36,3,P,4
3037030,30,37,3,P,4
3038030,30,38,3,P,4
3039030,30,39,3,P,4
3040030,30,40,3,P,4
3041030,30,41,3,P,4
3042030,30,42,3,P,4
3043030,30,43,3,P,4
3044030,30,44,3,P,4
3045030,30,45,3,P,4
3046030,30,46,3,P,4
3047030,30,47,3,P,4
3048030,30,48,3,P,4
3049030,30,49,3,P,4
3050030,30,50,3,P,4
3051030,30,51,3,P,4
3052030,30,52,3,P,4
3053030,30,53,3,P,4
3054030,30,54,3,P,4
3055030,30,55,3,P,4
3056030,30,56,3,P,4
3057030,30,57,3,P,4
3058030,30,58,3,P,4
3059030,30,59,3,P,4
3060030,30,60,3,P,4
3061030,30,61,3,P,4
3062030,30,62,3,P,4
3063030,30,63,3,P,4
3064030,30,64,3,P,4
3100030,31,0,3,P,2
3131030,31,31,3,P,4
3132030,31,32,3,P,4
3133030,31,33,3,P,4
3134030,31,34,3,P,4
3135030,31,35,3,P,4
3136030,31,36,3,P,4
3137030,31,37,3,P,4
3138030,31,38,3,P,4
3139030,31,39,3,P,4
3140030,31,40,3,P,4
3141030,31,41,3,P,4
3142030,31,42,3,P,4
3143030,31,43,3,P,4
3144030,31,44,3,P,4
3145030,31,45,3,P,4
3146030,31,46,3,P,4
3147030,31,47,3,P,4
3148030,31,48,3,P,4
3149030,31,49,3,P,4
3150030,31,50,3,P,4
3151030,31,51,3,P,4
3152030,31,52,3,P,4
3153030,31,53,3,P,4
3154030,31,54,3,P,4
3155030,31,55,3,P,4
3156030,31,56,3,P,4
3157030,31,57,3,P,4
3158030,31,58,3,P,4
3159030,31,59,3,P,4
3160030,31,60,3,P,4
3161030,31,61,3,P,4
3162030,31,62,3,P,4
3163030,31,63,3,P,4
3164030,31,64,3,P,4
3200030,32,0,3,P,2
3232030,32,32,3,P,4
3233030,32,33,3,P,4
3234030,32,34,3,P,4
3235030,32,35,3,P,4
3236030,32,36,3,P,4
3237030,32,37,3,P,4
3238030,32,38,3,P,4
3239030,32,39,3,P,4
3240030,32,40,3,P,4
3241030,32,41,3,P,4
3242030,32,42,3,P,4
3243030,32,43,3,P,4
3244030,32,44,3,P,4
3245030,32,45,3,P,4
3246030,32,46,3,P,4
3247030,32,47,3,P,4
3248030,32,48,3,P,4
3249030,32,49,3,P,4
3250030,32,50,3,P,4
3251030,32,51,3,P,4
3252030,32,52,3,P,4
3253030,32,53,3,P,4
3254030,32,54,3,P,4
3255030,32,55,3,P,4
3256030,32,56,3,P,4
3257030,32,57,3,P,4
3258030,32,58,3,P,4
3259030,32,59,3,P,4
3260030,32,60,3,P,4
3261030,32,61,3,P,4
3262030,32,62,3,P,4
3263030,32,63,3,P,4
3264030,32,64,3,P,4
3300030,33,0,3,P,2
3333030,33,33,3,P,4
3334030,33,34,3,P,4
3335030,33,35,3,P,4
3336030,33,36,3,P,4
3337030,33,37,3,P,4
3338030,33,38,3,P,4
3339030,33,39,3,P,4
3340030,33,40,3,P,4
3341030,33,41,3,P,4
3342030,33,42,3,P,4
3343030,33,43,3,P,4
3344030,33,44,3,P,4
3345030,33,45,3,P,4
3346030,33,46,3,P,4
3347030,33,47,3,P,4
3348030,33,48,3,P,4
3349030,33,49,3,P,4
3350030,33,50,3,P,4
3351030,33,51,3,P,4
3352030,33,52,3,P,4
3353030,33,53,3,P,4
3354030,33,54,3,P,4
3355030,33,55,3,P,4
3356030,33,56,3,P,4
3357030,33,57,3,P,4
3358030,33,58,3,P,4
3359030,33,59,3,P,4
3360030,33,60,3,P,4
3361030,33,61,3,P,4
3362030,33,62,3,P,4
3363030,33,63,3,P,4
3364030,33,64,3,P,4
3400030,34,0,3,P,2
3434030,34,34,3,P,4
3435030,34,35,3,P,4
3436030,34,36,3,P,4
3437030,34,37,3,P,4
3438030,34,38,3,P,4
3439030,34,39,3,P,4
3440030,34,40,3,P,4
3441030,34,41,3,P,4
3442030,34,42,3,P,4
3443030,34,43,3,P,4
3444030,34,44,3,P,4
3445030,34,45,3,P,4
3446030,34,46,3,P,4
3447030,34,47,3,P,4
3448030,34,48,3,P,4
3449030,34,49,3,P,4
3450030,34,50,3,P,4
3451030,34,51,3,P,4
3452030,34,52,3,P,4
3453030,34,53,3,P,4
3454030,34,54,3,P,4
3455030,34,55,3,P,4
3456030,34,56,3,P,4
3457030,34,57,3,P,4
3458030,34,58,3,P,4
3459030,34,59,3,P,4
3460030,34,60,3,P,4
3461030,34,61,3,P,4
3462030,34,62,3,P,4
3463030,34,63,3,P,4
3464030,34,64,3,P,4
3500030,35,0,3,P,2
3535030,35,35,3,P,4
3536030,35,36,3,P,4
3537030,35,37,3,P,4
3538030,35,38,3,P,4
3539030,35,39,3,P,4
3540030,35,40,3,P,4
3541030,35,41,3,P,4
3542030,35,42,3,P,4
3543030,35,43,3,P,4
3544030,35,44,3,P,4
3545030,35,45,3,P,4
3546030,35,46,3,P,4
3547030,35,47,3,P,4
3548030,35,48,3,P,4
3549030,35,49,3,P,4
3550030,35,50,3,P,4
3551030,35,51,3,P,4
3552030,35,52,3,P,4
3553030,35,53,3,P,4
3554030,35,54,3,P,4
3555030,35,55,3,P,4
3556030,35,56,3,P,4
3557030,35,57,3,P,4
3558030,35,58,3,P,4
3559030,35,59,3,P,4
3560030,35,60,3,P,4
3561030,35,61,3,P,4
3562030,35,62,3,P,4
3563030,35,63,3,P,4
3564030,35,64,3,P,4
3600030,36,0,3,P,2
3636030,36,36,3,P,4
3637030,36,37,3,P,4
3638030,36,38,3,P,4
3639030,36,39,3,P,4
3640030,36,40,3,P,4
3641030,36,41,3,P,4
3642030,36,42,3,P,4
3643030,36,43,3,P,4
3644030,36,44,3,P,4
3645030,36,45,3,P,4
3646030,36,46,3,P,4
3647030,36,47,3,P,4
3648030,36,48,3,P,4
3649030,36,49,3,P,4
3650030,36,50,3,P,4
3651030,36,51,3,P,4
3652030,36,52,3,P,4
3653030,36,53,3,P,4
3654030,36,54,3,P,4
3655030,36,55,3,P,4
3656030,36,56,3,P,4
3657030,36,57,3,P,4
3658030,36,58,3,P,4
3659030,36,59,3,P,4
3660030,36,60,3,P,4
3661030,36,61,3,P,4
3662030,36,62,3,P,4
3663030,36,63,3,P,4
3664030,36,64,3,P,4
3700030,37,0,3,P,2
3737030,37,37,3,P,4
3738030,37,38,3,P,4
3739030,37,39,3,P,4
3740030,37,40,3,P,4
3741030,37,41,3,P,4
3742030,37,42,3,P,4
3743030,37,43,3,P,4
3744030,37,44,3,P,4
3745030,37,45,3,P,4
3746030,37,46,3,P,4
3747030,37,47,3,P,4
3748030,37,48,3,P,4
3749030,37,49,3,P,4
3750030,37,50,3,P,4
3751030,37,51,3,P,4
3752030,37,52,3,P,4
3753030,37,53,3,P,4
3754030,37,54,3,P,4
3755030,37,55,3,P,4
3756030,37,56,3,P,4
3757030,37,57,3,P,4
3758030,37,58,3,P,4
3759030,37,59,3,P,4
3760030,37,60,3,P,4
3761030,37,61,3,P,4
3762030,37,62,3,P,4
3763030,37,63,3,P,4
3764030,37,64,3,P,4
3800030,38,0,3,P,2
3838030,38,38,3,P,4
3839030,38,39,3,P,4
3840030,38,40,3,P,4
3841030,38,41,3,P,4
3842030,38,42,3,P,4
3843030,38,43,3,P,4
3844030,38,44,3,P,4
3845030,38,45,3,P,4
3846030,38,46,3,P,4
3847030,38,47,3,P,4
3848030,38,48,3,P,4
3849030,38,49,3,P,4
3850030,38,50,3,P,4
3851030,38,51,3,P,4
3852030,38,52,3,P,4
3853030,38,53,3,P,4
3854030,38,54,3,P,4
3855030,38,55,3,P,4
3856030,38,56,3,P,4
3857030,38,57,3,P,4
3858030,38,58,3,P,4
3859030,38,59,3,P,4
3860030,38,60,3,P,4
3861030,38,61,3,P,4
3862030,38,62,3,P,4
3863030,38,63,3,P,4
3864030,38,64,3,P,4
3900030,39,0,3,P,2
3939030,39,39,3,P,4
3940030,39,40,3,P,4
3941030,39,41,3,P,4
3942030,39,42,3,P,4
3943030,39,43,3,P,4
3944030,39,44,3,P,4
3945030,39,45,3,P,4
3946030,39,46,3,P,4
3947030,39,47,3,P,4
3948030,39,48,3,P,4
3949030,39,49,3,P,4
3950030,39,50,3,P,4
3951030,39,51,3,P,4
3952030,39,52,3,P,4
3953030,39,53,3,P,4
3954030,39,54,3,P,4
3955030,39,55,3,P,4
3956030,39,56,3,P,4
3957030,39,57,3,P,4
3958030,39,58,3,P,4
3959030,39,59,3,P,4
3960030,39,60,3,P,4
3961030,39,61,3,P,4
3962030,39,62,3,P,4
3963030,39,63,3,P,4
3964030,39,64,3,P,4
4000030,40,0,3,P,2
4040030,40,40,3,P,4
4041030,40,41,3,P,4
4042030,40,42,3,P,4
4043030,40,43,3,P,4
4044030,40,44,3,P,4
4045030,40,45,3,P,4
4046030,40,46,3,P,4
4047030,40,47,3,P,4
4048030,40,48,3,P,4
4049030,40,49,3,P,4
4050030,40,50,3,P,4
4051030,40,51,3,P,4
4052030,40,52,3,P,4
4053030,40,53,3,P,4
4054030,40,54,3,P,4
4055030,40,55,3,P,4
4056030,40,56,3,P,4
4057030,40,57,3,P,4
4058030,40,58,3,P,4
4059030,40,59,3,P,4
4060030,40,60,3,P,4
4061030,40,61,3,P,4
4062030,40,62,3,P,4
4063030,40,63,3,P,4
4064030,40,64,3,P,4
4100030,41,0,3,P,2
4141030,41,41,3,P,4
4142030,41,42,3,P,4
4143030,41,43,3,P,4
4144030,41,44,3,P,4
4145030,41,45,3,P,4
4146030,41,46,3,P,4
4147030,41,47,3,P,4
4148030,41,48,3,P,4
4149030,41,49,3,P,4
4150030,41,50,3,P,4
4151030,41,51,3,P,4
4152030,41,52,3,P,4
4153030,41,53,3,P,4
4154030,41,54,3,P,4
4155030,41,55,3,P,4
4156030,41,56,3,P,4
4157030,41,57,3,P,4
4158030,41,58,3,P,4
4159030,41,59,3,P,4
4160030,41,60,3,P,4
4161030,41,61,3,P,4
4162030,41,62,3,P,4
4163030,41,63,3,P,4
4164030,41,64,3,P,4
4200030,42,0,3,P,2
4242030,42,42,3,P,4
4243030,42,43,3,P,4
4244030,42,44,3,P,4
4245030,42,45,3,P,4
4246030,42,46,3,P,4
4247030,42,47,3,P,4
4248030,42,48,3,P,4
4249030,42,49,3,P,4
4250030,42,50,3,P,4
4251030,42,51,3,P,4
4252030,42,52,3,P,4
4253030,42,53,3,P,4
4254030,42,54,3,P,4
4255030,42,55,3,P,4
4256030,42,56,3,P,4
4257030,42,57,3,P,4
4258030,42,58,3,P,4
4259030,42,59,3,P,4
4260030,42,60,3,P,4
4261030,42,61,3,P,4
4262030,42,62,3,P,4
4263030,42,63,3,P,4
4264030,42,64,3,P,4
4300030,43,0,3,P,2
4343030,43,43,3,P,4
4344030,43,44,3,P,4
4345030,43,45,3,P,4
4346030,43,46,3,P,4
4347030,43,47,3,P,4
4348030,43,48,3,P,4
4349030,43,49,3,P,4
4350030,43,50,3,P,4
4351030,43,51,3,P,4
4352030,43,52,3,P,4
4353030,43,53,3,P,4
4354030,43,54,3,P,4
4355030,43,55,3,P,4
4356030,43,56,3,P,4
4357030,43,57,3,P,4
4358030,43,58,3,P,4
4359030,43,59,3,P,4
4360030,43,60,3,P,4
4361030,43,61,3,P,4
4362030,43,62,3,P,4
4363030,43,63,3,P,4
4364030,43,64,3,P,4
4400030,44,0,3,P,2
4444030,44,44,3,P,4
4445030,44,45,3,P,4
4446030,44,46,3,P,4
4447030,44,47,3,P,4
4448030,44,48,3,P,4
4449030,44,49,3,P,4
4450030,44,50,3,P,4
4451030,44,51,3,P,4
4452030,44,52,3,P,4
4453030,44,53,3,P,4
4454030,44,54,3,P,4
4455030,44,55,3,P,4
4456030,44,56,3,P,4
4457030,44,57,3,P,4
4458030,44,58,3,P,4
4459030,44,59,3,P,4
4460030,44,60,3,P,4
4461030,44,61,3,P,4
4462030,44,62,3,P,4
4463030,44,63,3,P,4
4464030,44,64,3,P,4
4500030,45,0,3,P,2
4545030,45,45,3,P,4
4546030,45,46,3,P,4
4547030,45,47,3,P,4
4548030,45,48,3,P,4
4549030,45,49,3,P,4
4550030,45,50,3,P,4
4551030,45,51,3,P,4
4552030,45,52,3,P,4
4553030,45,53,3,P,4
4554030,45,54,3,P,4
4555030,45,55,3,P,4
4556030,45,56,3,P,4
4557030,45,57,3,P,4
4558030,45,58,3,P,4
4559030,45,59,3,P,4
4560030,45,60,3,P,4
4561030,45,61,3,P,4
4562030,45,62,3,P,4
4563030,45,63,3,P,4
4564030,45,64,3,P,4
4600030,46,0,3,P,2
4646030,46,46,3,P,4
4647030,46,47,3,P,4
4648030,46,48,3,P,4
4649030,46,49,3,P,4
4650030,46,50,3,P,4
4651030,46,51,3,P,4
4652030,46,52,3,P,4
4653030,46,53,3,P,4
4654030,46,54,3,P,4
4655030,46,55,3,P,4
4656030,46,56,3,P,4
4657030,46,57,3,P,4
4658030,46,58,3,P,4
4659030,46,59,3,P,4
4660030,46,60,3,P,4
4661030,46,61,3,P,4
4662030,46,62,3,P,4
4663030,46,63,3,P,4
4664030,46,64,3,P,4
4700030,47,0,3,P,2
4747030,47,47,3,P,4
4748030,47,48,3,P,4
4749030,47,49,3,P,4
4750030,47,50,3,P,4
4751030,47,51,3,P,4
4752030,47,52,3,P,4
4753030,47,53,3,P,4
4754030,47,54,3,P,4
4755030,47,55,3,P,4
4756030,47,56,3,P,4
4757030,47,57,3,P,4
4758030,47,58,3,P,4
4759030,47,59,3,P,4
4760030,47,60,3,P,4
4761030,47,61,3,P,4
4762030,47,62,3,P,4
4763030,47,63,3,P,4
4764030,47,64,3,P,4
4800030,48,0,3,P,2
4848030,48,48,3,P,4
4849030,48,49,3,P,4
4850030,48,50,3,P,4
4851030,48,51,3,P,4
4852030,48,52,3,P,4
4853030,48,53,3,P,4
4854030,48,54,3,P,4
4855030,48,55,3,P,4
4856030,48,56,3,P,4
4857030,48,57,3,P,4
4858030,48,58,3,P,4
4859030,48,59,3,P,4
4860030,48,60,3,P,4
4861030,48,61,3,P,4
4862030,48,62,3,P,4
4863030,48,63,3,P,4
4864030,48,64,3,P,4
4900030,49,0,3,P,2
4949030,49,49,3,P,4
4950030,49,50,3,P,4
4951030,49,51,3,P,4
4952030,49,52,3,P,4
4953030,49,53,3,P,4
4954030,49,54,3,P,4
4955030,49,55,3,P,4
4956030,49,56,3,P,4
4957030,49,57,3,P,4
4958030,49,58,3,P,4
4959030,49,59,3,P,4
4960030,49,60,3,P,4
4961030,49,61,3,P,4
4962030,49,62,3,P,4
4963030,49,63,3,P,4
4964030,49,64,3,P,4
5000030,50,0,3,P,2
5050030,50,50,3,P,4
5051030,50,51,3,P,4
5052030,50,52,3,P,4
5053030,50,53,3,P,4
5054030,50,54,3,P,4
5055030,50,55,3,P,4
5056030,50,56,3,P,4
5057030,50,57,3,P,4
5058030,50,58,3,P,4
5059030,50,59,3,P,4
5060030,50,60,3,P,4
5061030,50,61,3,P,4
5062030,50,62,3,P,4
5063030,50,63,3,P,4
5064030,50,64,3,P,4
5100030,51,0,3,P,2
5151030,51,51,3,P,4
5152030,51,52,3,P,4
5153030,51,53,3,P,4
5154030,51,54,3,P,4
5155030,51,55,3,P,4
5156030,51,56,3,P,4
5157030,51,57,3,P,4
5158030,51,58,3,P,4
5159030,51,59,3,P,4
5160030,51,60,3,P,4
5161030,51,61,3,P,4
5162030,51,62,3,P,4
5163030,51,63,3,P,4
5164030,51,64,3,P,4
5200030,52,0,3,P,2
5252030,52,52,3,P,4
5253030,52,53,3,P,4
5254030,52,54,3,P,4
5255030,52,55,3,P,4
5256030,52,56,3,P,4
5257030,52,57,3,P,4
5258030,52,58,3,P,4
5259030,52,59,3,P,4
5260030,52,60,3,P,4
5261030,52,61,3,P,4
5262030,52,62,3,P,4
5263030,52,63,3,P,4
5264030,52,64,3,P,4
5300030,53,0,3,P,2
5353030,53,53,3,P,4
5354030,53,54,3,P,4
5355030,53,55,3,P,4
5356030,53,56,3,P,4
5357030,53,57,3,P,4
5358030,53,58,3,P,4
5359030,53,59,3,P,4
5360030,53,60,3,P,4
5361030,53,61,3,P,4
5362030,53,62,3,P,4
5363030,53,63,3,P,4
5364030,53,64,3,P,4
5400030,54,0,3,P,2
5454030,54,54,3,P,4
5455030,54,55,3,P,4
5456030,54,56,3,P,4
5457030,54,57,3,P,4
5458030,54,58,3,P,4
5459030,54,59,3,P,4
5460030,54,60,3,P,4
5461030,54,61,3,P,4
5462030,54,62,3,P,4
5463030,54,63,3,P,4
5464030,54,64,3,P,4
5500030,55,0,3,P,2
5555030,55,55,3,P,4
5556030,55,56,3,P,4
5557030,55,57,3,P,4
5558030,55,58,3,P,4
5559030,55,59,3,P,4
5560030,55,60,3,P,4
5561030,55,61,3,P,4
5562030,55,62,3,P,4
5563030,55,63,3,P,4
5564030,55,64,3,P,4
5600030,56,0,3,P,2
5656030,56,56,3,P,4
5657030,56,57,3,P,4
5658030,56,58,3,P,4
5659030,56,59,3,P,4
5660030,56,60,3,P,4
5661030,56,61,3,P,4
5662030,56,62,3,P,4
5663030,56,63,3,P,4
5664030,56,64,3,P,4
5700030,57,0,3,P,2
5757030,57,57,3,P,4
5758030,57,58,3,P,4
5759030,57,59,3,P,4
5760030,57,60,3,P,4
5761030,57,61,3,P,4
5762030,57,62,3,P,4
5763030,57,63,3,P,4
5764030,57,64,3,P,4
5800030,58,0,3,P,2
5858030,58,58,3,P,4
5859030,58,59,3,P,4
5860030,58,60,3,P,4
5861030,58,61,3,P,4
5862030,58,62,3,P,4
5863030,58,63,3,P,4
5864030,58,64,3,P,4
5900030,59,0,3,P,2
5959030,59,59,3,P,4
5960030,59,60,3,P,4
5961030,59,61,3,P,4
5962030,59,62,3,P,4
5963030,59,63,3,P,4
5964030,59,64,3,P,4
6000030,60,0,3,P,2
6060030,60,60,3,P,4
6061030,60,61,3,P,4
6062030,60,62,3,P,4
6063030,60,63,3,P,4
6064030,60,64,3,P,4
6100030,61,0,3,P,2
6161030,61,61,3,P,4
6162030,61,62,3,P,4
6163030,61,63,3,P,4
6164030,61,64,3,P,4
6200030,62,0,3,P,2
6262030,62,62,3,P,4
6263030,62,63,3,P,4
6264030,62,64,3,P,4
6300030,63,0,3,P,2
6363030,63,63,3,P,4
6364030,63,64,3,P,4
6400030,64,0,3,P,2
6464030,64,64,3,P,4
